gender,age,partner,dependents,tenure_months,monthly_charges,contract_type,payment_method,paperless_billing,internet_service,online_security,tech_support,num_tickets,churn
0,47,0,0,1,98.53,0,2,1,2,0,1,1,1
1,26,1,1,66,60.9,1,0,1,1,1,0,1,0
0,50,0,0,32,69.21,1,1,0,2,1,0,3,1
0,53,0,0,1,118.75,0,0,0,2,1,1,0,1
0,52,0,0,58,65.35,2,3,0,2,0,1,2,0
1,60,0,1,16,98.29,2,2,0,2,0,0,3,0
0,56,0,1,8,27.16,0,0,0,0,0,0,0,1
0,51,0,0,30,68.56,0,1,0,2,1,1,3,1
0,44,1,1,50,83.26,2,3,0,2,0,0,1,0
1,21,0,0,2,83.9,0,1,0,2,0,0,5,1
0,51,0,1,11,31.53,0,2,1,0,0,0,2,0
0,47,1,0,27,46.44,0,1,0,1,0,1,3,0
0,48,0,0,59,23.69,2,2,0,0,0,0,1,0
0,27,0,0,2,52.3,0,3,1,2,1,1,0,0
1,29,1,0,72,109.29,0,3,1,2,1,1,1,0
0,59,0,1,1,42.15,0,2,0,1,0,1,1,1
1,44,0,1,32,58.92,0,1,1,1,1,0,2,1
1,54,1,1,32,83.58,1,2,0,2,0,1,2,0
1,45,0,0,58,53.82,2,1,0,1,0,0,2,0
0,45,1,1,60,96.34,2,3,0,2,0,0,5,0
1,58,1,1,21,108.4,0,2,1,2,1,1,3,1
0,37,0,0,51,26.26,1,2,0,0,0,0,2,0
1,46,1,0,39,94.17,2,0,1,2,0,0,3,0
1,38,1,0,46,58.95,0,2,0,1,0,0,5,1
1,38,0,0,68,67.21,2,3,1,1,0,1,2,0
1,40,1,0,36,78.52,0,2,0,2,1,0,6,1
1,48,0,1,8,100.06,2,0,1,2,1,1,2,0
1,38,1,0,1,68.33,0,0,1,1,0,0,2,1
1,62,0,0,47,67.99,1,1,1,1,1,1,2,0
1,32,0,0,24,47.08,1,3,0,1,0,0,2,0
0,42,0,0,49,52.98,2,3,1,1,1,1,3,0
0,38,1,0,66,26.2,1,3,1,0,0,0,1,0
1,65,0,0,13,38.55,1,2,0,1,1,0,3,0
1,47,0,0,33,32.97,1,2,1,0,0,0,3,0
1,59,0,0,13,54.85,0,2,1,1,1,1,3,0
0,24,1,1,72,26.42,0,2,1,0,0,0,2,0
1,48,1,0,31,76.92,1,2,0,2,1,0,5,1
0,57,1,0,25,66.42,0,1,1,2,1,0,2,0
0,46,1,0,3,47.75,0,2,0,1,0,1,3,1
0,59,1,0,60,26.1,1,0,1,0,0,0,3,0
0,37,0,0,14,63.08,1,1,1,1,1,1,1,0
0,64,1,1,63,25.81,0,3,1,0,0,0,3,0
1,77,1,0,36,59.16,2,3,0,1,0,0,0,0
1,39,1,0,1,80.28,0,2,1,2,1,0,6,1
1,38,1,0,12,91.95,0,0,0,2,1,0,5,1
1,65,0,1,9,105.76,0,3,1,2,0,1,3,1
1,67,0,0,36,63.46,2,2,1,1,1,0,3,0
0,37,1,0,29,96.33,0,1,1,2,0,1,0,1
1,39,1,0,65,89.12,2,2,0,2,0,0,5,0
1,41,1,1,51,36.96,0,1,0,1,0,1,1,0
0,26,1,1,3,42.46,0,2,0,1,1,1,4,1
1,32,1,1,16,60.46,1,3,1,1,1,0,2,0
0,30,0,0,62,24.95,1,0,0,0,0,0,3,0
1,34,1,0,13,91.16,2,0,1,2,1,0,1,0
0,44,0,0,34,75.12,2,0,1,1,1,0,1,0
1,48,0,1,36,28.63,2,1,0,0,0,0,1,0
1,66,0,0,40,31.29,2,0,0,0,0,0,1,0
0,31,1,1,35,56.14,1,0,0,1,1,1,3,0
0,58,0,0,38,73.7,1,0,0,2,0,1,1,0
0,42,0,0,51,84.19,2,1,1,2,1,0,0,0
0,44,1,1,53,73.73,2,1,1,2,1,0,5,0
0,54,0,0,46,73.7,2,0,1,1,1,1,3,0
0,29,1,1,44,96.07,1,2,0,2,0,0,1,0
0,50,1,0,9,61.25,0,2,1,1,1,1,2,0
0,47,1,1,7,102.3,2,0,0,2,1,0,4,1
1,51,1,1,1,18.25,0,2,0,0,0,0,2,1
1,49,0,0,16,62.06,1,3,1,1,0,1,1,0
0,79,1,0,40,39.27,0,3,1,1,1,0,2,1
1,36,0,0,44,54.91,2,0,0,1,0,1,1,0
1,37,1,0,44,80.64,0,3,1,2,1,1,1,1
1,36,0,0,23,28.31,2,1,1,0,0,0,1,0
1,37,1,1,49,57.74,0,0,1,1,1,0,7,1
0,36,0,1,38,71.14,2,1,0,1,1,1,2,0
1,61,0,0,1,76.57,1,1,1,2,0,0,2,1
0,64,0,1,2,63.51,0,2,1,1,1,1,1,0
1,37,0,0,1,87.27,0,2,1,2,1,1,1,1
1,33,1,0,27,62.11,0,2,1,2,1,0,6,1
1,51,0,0,28,43.98,0,1,1,1,0,0,1,1
0,37,1,1,21,53.2,2,1,1,1,1,0,1,0
1,53,1,1,4,68.35,0,1,0,1,1,1,3,0
0,47,1,1,67,91.49,1,1,1,2,1,0,7,0
1,23,0,0,62,19.16,0,3,0,0,0,0,5,1
0,66,0,0,35,53.32,0,2,0,1,1,1,2,0
1,70,1,1,2,113.25,1,3,1,2,1,1,0,1
0,36,0,0,2,86.56,0,2,0,2,1,0,6,1
0,39,0,0,53,51.07,2,1,1,1,1,1,2,0
1,49,1,0,1,60.9,2,1,1,1,0,1,2,1
0,49,1,1,55,28.82,0,2,1,0,0,0,1,0
1,54,1,0,5,49.53,0,1,1,1,0,0,3,0
1,73,0,0,37,61.03,2,3,0,1,1,0,1,0
1,42,1,1,59,80.4,1,2,1,2,0,0,1,0
1,33,0,0,66,63.63,0,1,1,1,1,0,2,0
1,25,0,0,47,87.38,1,2,0,2,0,0,4,0
1,34,1,0,45,91.75,2,3,0,2,1,1,1,0
1,44,0,1,4,21.2,1,1,0,0,0,0,0,1
1,70,0,0,1,73.5,0,2,1,2,1,1,2,1
1,37,0,0,27,29.73,0,0,1,0,0,0,4,0
1,48,1,1,45,83.89,2,2,0,2,0,1,3,1
1,44,1,1,52,88.99,2,0,1,2,0,1,2,0
0,61,1,1,1,51.32,0,0,0,1,0,1,0,0
0,80,1,0,43,65.78,2,2,1,1,0,1,0,0
1,37,0,0,54,47.71,1,1,1,1,1,0,0,0
1,38,0,0,5,53.37,1,2,0,1,1,1,1,1
1,59,0,0,2,64.43,0,3,1,1,0,0,3,1
1,54,0,0,59,69.08,1,0,1,1,0,1,2,0
1,70,1,1,61,77.67,2,2,1,2,0,0,2,0
1,53,1,0,2,34.8,0,2,0,0,0,0,1,1
1,39,0,0,23,89.39,2,0,0,2,0,0,3,0
1,53,0,1,7,70.4,0,2,0,2,0,0,3,1
0,60,0,1,60,59.43,2,2,1,1,1,0,1,0
1,56,0,0,43,79.64,2,2,1,2,1,1,2,0
0,52,1,0,8,60.21,0,3,0,1,1,0,1,0
1,59,0,0,29,24.79,2,2,1,0,0,0,1,0
1,61,0,0,34,86.04,1,3,0,2,1,0,4,1
0,64,1,0,35,44.06,2,2,0,1,1,1,1,0
1,54,0,0,34,98.86,1,0,1,2,1,0,4,0
0,42,1,1,4,68.81,1,2,0,2,0,0,3,1
1,47,0,0,3,69.48,0,0,0,2,1,0,6,1
1,61,1,0,1,90.14,0,2,0,2,1,0,6,1
0,33,1,0,37,107.44,0,2,1,2,0,1,5,1
1,50,1,0,57,23.24,1,2,1,0,0,0,2,0
0,39,0,0,61,28.5,2,0,1,0,0,0,1,1
1,45,1,1,1,100.03,0,2,1,2,0,1,4,1
0,62,0,0,21,64.78,1,0,1,1,0,1,0,0
0,47,0,1,17,51.27,0,2,0,1,1,1,3,0
1,45,0,1,21,41.91,1,3,1,1,1,1,0,1
1,25,0,0,34,54.09,0,3,1,2,1,1,2,0
0,55,1,0,60,23.69,2,0,1,0,0,0,2,0
1,54,1,0,50,101.49,2,2,1,2,1,0,4,0
1,75,1,0,51,19.38,1,2,1,0,0,0,2,0
1,40,1,1,1,28.5,0,3,0,0,0,0,3,0
0,48,1,1,44,43.6,0,2,1,1,0,1,1,0
0,48,0,0,27,56.27,1,0,0,1,1,0,0,0
0,67,0,0,68,94.91,2,1,1,2,0,0,3,1
0,43,1,0,10,21.7,1,2,0,0,0,0,1,0
0,48,0,0,52,25.85,1,2,0,0,0,0,4,1
0,53,1,0,3,50.02,1,3,1,1,0,0,0,0
0,47,0,0,59,63.46,2,0,0,1,0,0,0,0
0,38,0,1,21,26.18,0,3,1,0,0,0,2,0
0,47,0,0,72,25.28,2,0,1,0,0,0,1,0
1,60,0,0,2,106.82,0,3,1,2,0,0,2,1
0,30,0,0,7,94.27,0,3,0,2,0,1,3,1
1,46,1,0,42,46.72,2,2,0,1,1,1,1,0
1,35,0,0,60,53.97,1,2,0,1,0,0,0,0
1,61,1,0,58,54.09,2,0,1,1,1,1,1,0
0,23,0,1,12,55.96,1,0,1,1,0,0,2,0
0,37,0,0,9,118.75,0,0,1,2,0,0,5,1
0,50,0,0,52,90.19,2,0,1,2,1,1,0,0
0,66,1,0,51,18.25,2,2,1,0,0,0,2,0
1,44,0,0,6,77.4,0,0,1,2,1,1,2,1
0,37,1,1,2,18.25,0,3,0,0,0,0,1,0
0,71,0,0,65,23.35,1,2,0,0,0,0,2,0
0,24,1,0,61,18.25,0,2,0,0,0,0,0,0
0,18,0,0,9,20.64,0,2,0,0,0,0,1,1
0,51,1,1,2,63.71,0,1,1,2,1,1,1,1
1,37,1,0,6,59.61,0,1,1,1,1,0,2,0
0,30,1,1,33,25.0,2,1,1,0,0,0,0,0
1,54,0,0,4,89.24,0,3,1,2,1,0,1,1
0,48,0,1,1,83.54,1,2,1,2,1,0,3,1
1,37,0,0,53,65.48,2,1,1,2,1,1,1,0
0,27,1,1,30,92.19,1,3,0,2,0,0,5,0
0,57,1,1,66,78.07,1,0,0,1,0,1,2,0
1,54,1,0,52,90.73,2,2,0,2,1,1,2,0
1,43,0,0,9,79.04,0,1,0,2,1,0,2,1
1,70,0,0,29,65.01,2,2,1,2,1,1,0,0
0,30,0,0,50,72.29,1,3,1,2,0,1,0,0
1,23,1,1,1,60.44,0,2,0,1,1,0,0,1
0,35,1,1,46,100.02,2,2,1,2,0,0,4,0
0,44,1,0,34,58.13,0,0,1,1,1,1,1,0
1,48,0,0,22,64.6,1,3,0,1,0,1,3,0
1,41,1,1,30,28.54,0,2,0,0,0,0,1,0
0,49,1,1,40,92.09,2,0,1,2,0,0,3,0
0,27,0,0,5,47.1,2,2,1,1,1,1,1,0
1,65,1,1,8,57.09,0,1,0,1,0,0,4,1
1,43,1,0,41,44.82,2,0,0,1,1,0,2,0
1,60,1,1,49,85.24,2,3,0,2,1,1,4,0
0,49,1,0,4,58.97,0,2,0,1,1,0,1,0
0,51,0,1,34,108.5,2,1,1,2,0,0,3,0
0,52,0,0,36,66.66,2,2,0,2,0,1,3,0
0,51,1,0,53,60.78,2,3,0,1,0,0,3,0
0,53,0,0,26,72.77,0,0,0,1,0,1,2,1
0,63,1,0,3,95.62,0,2,1,2,1,0,5,1
1,47,1,1,2,96.66,0,2,0,2,0,0,6,1
0,54,1,0,17,93.23,1,0,0,2,0,1,2,0
0,43,1,0,53,70.58,1,2,1,1,0,0,2,0
0,65,0,0,3,69.78,1,0,1,2,1,0,4,1
1,35,0,0,4,38.37,1,2,0,1,0,1,3,0
0,70,0,0,64,84.91,1,3,0,2,0,1,6,1
0,44,0,1,24,54.74,0,0,1,2,0,1,1,1
1,24,0,1,47,31.15,2,3,1,0,0,0,2,0
0,46,0,1,13,102.09,0,2,0,2,0,0,6,1
0,35,1,1,8,78.93,0,1,0,2,0,0,3,1
0,56,1,0,53,79.81,0,2,0,2,1,1,4,0
0,35,0,1,46,24.64,1,0,1,0,0,0,1,0
0,38,0,1,1,55.62,2,3,1,1,1,1,3,0
1,18,1,0,11,86.78,0,2,1,2,0,1,3,1
1,38,0,0,4,27.79,0,2,1,0,0,0,2,1
1,18,0,1,39,24.14,1,2,1,0,0,0,2,1
0,22,0,0,17,98.2,2,2,1,2,0,0,3,1
0,55,1,0,1,60.35,1,3,1,1,0,0,1,0
0,56,0,0,3,76.5,0,2,1,2,1,0,7,1
1,50,1,1,62,31.68,0,3,0,0,0,0,2,0
0,31,0,0,72,38.7,2,2,1,1,0,1,0,0
0,44,1,1,35,83.71,0,0,1,2,0,0,4,1
1,44,0,0,48,98.54,2,3,1,2,1,0,2,0
0,28,0,0,12,74.88,0,2,0,2,0,0,6,1
1,66,1,0,9,58.71,0,2,1,1,1,1,3,1
1,57,1,1,57,92.61,2,3,1,2,0,0,3,0
1,41,1,1,55,44.67,1,0,1,1,1,0,2,0
0,45,1,1,35,54.13,2,1,0,1,1,1,1,0
0,47,1,0,1,24.22,0,1,1,0,0,0,2,1
0,18,1,0,1,77.28,0,2,0,2,1,0,4,1
0,41,1,0,21,82.62,2,3,1,1,0,1,0,0
0,35,0,0,8,45.84,0,3,1,1,0,1,2,1
0,30,0,0,37,67.06,2,2,0,1,0,0,1,0
0,41,0,0,3,23.04,0,3,0,0,0,0,1,1
1,70,1,0,46,19.57,2,3,1,0,0,0,0,0
0,53,0,0,50,86.44,2,2,0,2,1,0,4,0
1,37,0,0,6,62.79,0,1,1,1,1,1,1,1
0,53,1,0,55,97.89,2,2,1,2,0,0,8,0
0,64,1,1,49,106.87,2,3,0,2,1,0,3,0
0,57,1,0,57,39.73,1,3,1,0,0,0,2,0
1,45,0,1,1,88.51,0,2,0,2,0,0,3,1
1,35,1,0,52,21.68,2,3,1,0,0,0,2,0
1,54,0,0,2,91.34,0,0,0,2,0,1,1,1
1,50,0,0,65,81.27,1,1,1,2,1,1,0,0
0,57,0,0,59,66.11,1,3,1,1,1,1,1,0
1,53,0,0,1,66.84,0,0,1,2,0,1,2,1
0,59,0,0,57,83.42,2,0,0,1,1,0,0,0
0,37,1,1,5,65.27,0,1,0,1,1,1,3,1
1,63,0,0,3,61.42,2,2,1,2,0,0,3,0
1,47,1,0,46,21.45,1,2,1,0,0,0,2,0
1,74,1,0,22,64.79,1,1,0,1,0,1,1,0
1,35,0,0,3,69.12,1,3,0,1,1,0,0,1
1,69,1,0,49,67.19,2,3,0,2,1,1,2,0
1,47,0,0,7,63.56,0,1,1,1,0,0,3,1
1,35,1,1,3,57.74,0,1,0,2,0,1,3,1
1,38,0,1,31,24.55,0,2,0,0,0,0,1,1
0,40,0,0,26,68.34,0,2,0,1,1,0,1,0
1,50,0,0,45,77.28,2,1,1,2,0,0,1,1
1,52,1,0,48,36.92,1,1,0,1,1,1,1,0
0,36,1,0,39,87.05,2,1,1,2,0,1,2,0
1,44,0,0,46,21.98,2,1,0,0,0,0,2,0
0,74,1,0,9,28.15,0,2,1,0,0,0,2,1
0,69,1,1,50,20.57,2,2,1,0,0,0,1,0
1,51,1,1,33,74.18,2,2,0,2,0,1,0,0
0,45,1,0,60,30.75,2,2,0,1,0,1,0,0
0,46,1,1,1,87.38,0,1,1,2,0,1,4,1
0,53,1,0,1,53.07,0,2,1,1,0,0,0,1
0,30,1,1,32,68.36,0,0,1,2,1,1,2,0
1,41,0,0,48,57.33,0,2,0,1,1,1,0,0
0,21,0,0,32,99.38,1,3,1,2,0,0,5,1
1,50,0,0,39,81.98,2,2,1,2,0,1,0,0
0,54,1,1,12,88.75,0,2,1,2,1,0,6,1
0,38,1,1,6,26.37,1,2,1,0,0,0,4,1
0,67,0,0,63,40.55,2,3,1,1,0,1,0,0
0,27,1,1,44,79.68,1,2,0,1,0,0,1,0
1,24,0,0,40,78.41,0,3,0,2,1,1,2,1
1,48,0,0,1,62.87,1,3,1,1,0,1,1,0
0,59,1,1,25,64.23,2,2,1,1,0,1,2,0
0,68,0,0,47,53.32,2,2,0,1,0,1,3,0
1,38,0,0,4,62.28,0,0,1,1,0,1,2,0
0,60,1,0,17,26.23,0,1,1,0,0,0,2,1
0,44,1,0,1,65.15,0,2,0,2,0,0,5,0
0,42,0,0,14,51.01,1,3,0,1,0,0,0,0
1,57,1,0,64,76.42,2,1,1,2,0,0,3,0
1,54,1,1,24,78.54,0,3,0,2,1,0,3,1
1,22,0,0,12,39.35,2,1,0,1,1,1,3,0
0,65,0,0,44,68.52,2,2,0,1,1,1,1,0
0,64,1,1,19,33.01,1,1,0,0,0,0,1,1
1,36,0,0,12,98.69,2,2,1,2,0,1,0,0
1,50,1,1,48,70.25,0,3,1,1,0,0,1,0
1,51,1,1,50,50.86,2,1,1,1,0,0,4,0
1,48,1,0,34,47.36,0,0,1,1,0,1,2,0
0,37,0,0,23,45.66,0,2,1,1,1,1,4,1
1,35,1,1,11,62.73,1,2,0,1,0,1,1,0
0,44,0,0,10,57.72,2,3,0,1,0,1,0,0
1,61,0,0,24,83.92,1,3,1,2,0,1,2,1
0,52,0,0,64,103.13,2,0,1,2,0,0,6,0
1,39,0,0,53,59.86,2,2,0,1,0,1,2,0
1,55,1,1,54,44.94,2,2,0,1,0,0,1,0
1,18,0,0,55,75.47,0,3,1,2,1,1,4,1
1,61,0,0,64,28.41,2,3,0,0,0,0,2,0
0,20,1,1,6,99.58,0,2,1,2,0,0,3,1
1,39,0,1,9,27.76,0,2,0,0,0,0,0,0
0,29,1,1,62,111.56,1,0,0,2,0,1,2,0
0,26,0,1,69,107.89,2,1,1,2,0,0,5,0
0,61,1,0,1,60.29,2,2,1,1,0,1,2,1
0,38,1,0,69,73.26,2,2,1,2,0,1,3,1
1,49,0,0,5,18.45,2,2,0,0,0,0,2,0
0,44,0,0,49,50.35,0,2,1,1,1,0,2,1
0,51,0,0,5,64.04,1,1,1,1,1,1,2,0
0,46,1,0,47,110.57,2,2,0,2,0,1,2,0
1,27,0,0,50,27.09,2,0,0,0,0,0,1,0
1,58,0,0,2,101.36,0,0,0,2,0,1,5,1
1,38,0,0,7,52.06,0,0,1,1,1,1,1,1
1,23,0,0,65,28.11,2,3,1,0,0,0,3,0
0,39,1,1,8,96.53,1,0,0,2,0,0,1,1
0,66,1,1,3,18.25,0,3,0,0,0,0,1,0
1,56,0,0,8,50.04,1,1,0,1,0,0,1,0
0,40,0,0,56,29.75,1,2,1,0,0,0,1,0
0,40,1,1,69,58.29,1,3,0,1,0,1,0,0
0,40,1,0,10,68.25,1,2,0,2,1,0,2,1
1,74,0,0,52,25.84,1,0,1,1,0,0,1,0
1,50,0,0,40,50.61,2,1,1,1,0,1,4,0
0,51,0,0,4,54.14,0,3,0,1,1,1,0,0
1,59,1,0,33,44.39,0,1,1,1,1,0,3,0
1,48,0,0,1,56.72,0,2,0,1,1,0,0,1
1,41,1,0,2,92.09,0,2,1,2,1,1,4,0
1,42,1,0,60,94.39,2,1,1,2,0,0,3,0
1,43,1,1,8,18.25,0,1,1,0,0,0,3,0
0,44,0,1,2,18.43,0,2,1,0,0,0,1,1
1,55,0,1,2,80.74,0,2,0,2,0,0,6,1
0,45,0,1,61,61.87,1,1,1,1,0,1,2,0
0,55,0,0,3,60.87,1,3,0,1,1,1,2,0
1,43,1,1,3,91.61,0,3,0,2,0,0,6,1
0,46,1,1,41,50.4,2,3,1,1,0,1,2,0
0,18,1,0,45,51.07,2,0,1,1,0,0,0,0
0,57,1,1,36,74.8,2,1,1,2,0,1,2,0
1,49,0,0,4,95.75,1,3,0,2,0,1,1,1
1,58,0,0,1,20.4,0,0,1,0,0,0,1,1
0,18,0,0,65,29.25,1,0,0,0,0,0,3,0
1,74,1,0,66,26.04,2,3,1,0,0,0,3,0
1,43,1,0,60,84.37,2,1,0,2,0,1,1,0
1,60,1,1,54,47.12,2,1,0,1,0,1,2,1
1,30,0,0,60,18.25,2,2,0,0,0,0,1,0
0,53,0,1,64,75.93,1,3,1,2,1,0,4,0
0,30,1,1,28,23.35,0,1,0,0,0,0,1,0
1,36,0,1,49,18.25,2,3,1,0,0,0,1,0
1,71,1,0,72,52.63,2,2,0,1,1,0,2,0
0,42,1,1,17,66.09,1,2,0,1,0,1,2,0
0,48,1,1,4,61.81,1,1,0,1,0,0,1,0
1,57,0,1,13,78.05,0,1,1,2,0,1,4,1
0,51,0,0,64,85.66,1,2,0,2,1,0,2,0
1,47,0,0,2,48.33,1,2,0,1,1,1,1,0
1,50,0,0,1,56.79,1,3,1,1,1,1,3,1
0,78,0,0,48,73.48,2,2,0,1,1,0,3,0
0,44,1,1,60,66.62,0,2,1,1,1,1,1,0
1,47,1,0,57,27.6,1,1,0,0,0,0,1,0
1,59,0,0,65,78.1,2,3,1,2,0,0,3,1
0,60,0,0,50,28.75,1,1,0,0,0,0,2,0
1,61,0,0,57,18.25,2,1,1,0,0,0,2,0
0,53,0,0,22,51.97,2,3,1,1,0,0,3,0
1,28,1,0,58,62.0,2,2,1,1,0,0,1,0
0,67,0,0,26,28.7,0,2,1,0,0,0,1,1
0,28,0,0,19,28.35,2,2,1,0,0,0,2,0
0,49,0,0,68,58.54,1,2,0,1,1,0,0,0
1,34,1,0,1,82.26,0,1,0,2,1,1,1,1
1,44,1,1,68,61.46,0,0,1,1,1,0,5,0
0,49,0,0,18,43.57,0,3,1,1,0,1,1,1
1,49,1,1,1,44.86,2,0,0,1,1,1,4,0
0,50,1,0,40,85.86,1,2,1,2,1,1,1,0
0,67,1,1,67,57.08,1,0,0,1,1,0,2,0
1,51,0,0,58,18.25,2,1,1,0,0,0,2,0
1,41,1,1,8,60.46,0,0,1,1,1,0,3,0
0,58,1,1,72,95.82,2,2,1,2,1,0,3,0
1,61,1,0,45,24.61,1,2,0,0,0,0,1,0
1,27,1,0,72,83.49,0,0,1,1,1,1,3,0
0,53,1,0,24,21.59,2,1,1,0,0,0,3,0
0,54,0,0,6,23.19,0,3,0,0,0,0,1,1
1,40,1,0,4,50.26,0,2,1,1,1,1,1,1
0,64,1,0,1,54.09,0,3,1,1,0,0,0,1
0,42,1,1,35,80.4,0,3,0,2,1,0,9,1
1,46,0,0,49,65.3,0,3,0,2,1,0,5,1
0,42,1,1,44,48.44,0,3,0,1,1,1,3,0
0,45,1,1,41,53.83,0,1,1,1,0,1,2,0
1,29,0,0,65,69.74,2,3,1,1,0,1,4,0
1,24,1,1,2,36.01,0,3,1,0,0,0,2,1
0,67,1,0,38,103.7,1,3,0,2,0,0,5,1
0,33,1,1,41,74.14,1,0,1,2,0,0,2,0
1,31,0,0,65,21.52,2,3,1,0,0,0,0,0
1,18,0,0,51,24.2,2,2,1,0,0,0,0,0
1,36,1,1,23,33.92,1,2,0,0,0,0,0,0
1,26,0,0,7,82.68,1,0,1,2,1,1,0,0
0,67,1,1,5,66.41,0,1,1,2,0,0,3,1
1,59,1,0,59,77.98,1,3,0,2,0,1,1,0
1,35,1,1,48,95.6,2,2,1,2,1,1,0,1
0,76,0,0,21,63.28,1,1,1,1,0,0,1,0
1,58,1,1,2,82.2,0,3,0,2,1,1,2,1
0,40,0,0,39,94.57,1,0,1,2,1,1,1,1
1,18,0,0,46,27.72,2,1,0,1,1,0,1,0
1,77,0,0,5,56.25,1,1,1,1,0,1,3,0
1,25,0,0,7,97.05,0,1,0,2,1,1,1,1
0,21,1,1,39,45.01,2,1,0,1,0,1,1,0
0,59,1,1,27,73.29,0,0,1,2,0,1,2,1
1,79,0,1,54,58.87,0,0,1,2,0,1,4,1
0,64,1,0,28,107.26,0,2,1,2,1,0,4,1
0,52,0,0,63,74.92,1,3,1,2,0,1,2,0
0,53,1,1,62,57.89,0,2,1,1,1,0,5,1
0,56,1,0,30,93.45,2,1,1,2,1,1,3,0
0,55,1,1,2,73.14,0,0,1,1,0,1,3,1
0,48,0,0,19,53.15,1,3,0,1,1,0,1,0
1,46,1,1,42,22.3,0,3,0,0,0,0,3,0
1,44,0,0,1,57.08,0,1,0,1,1,0,3,1
0,34,1,1,58,102.98,2,1,1,2,0,0,1,0
1,41,0,0,1,82.62,0,2,0,2,1,1,2,1
1,21,1,0,36,43.54,2,2,0,1,0,1,1,0
1,43,1,0,34,36.51,2,2,0,1,0,0,2,0
1,31,1,0,55,18.89,1,2,1,0,0,0,2,0
0,29,0,0,55,29.32,1,2,0,0,0,0,3,0
1,47,1,1,58,80.51,2,3,0,2,1,1,0,0
1,64,0,0,1,47.71,2,0,1,1,1,0,0,0
0,57,1,1,1,74.98,0,3,1,2,1,1,1,1
0,23,0,0,1,86.19,1,1,0,2,1,1,1,0
1,31,0,0,47,52.13,2,2,1,1,0,1,3,0
1,58,1,0,8,81.18,0,2,0,2,1,0,4,1
1,31,0,0,4,71.19,0,2,1,1,1,1,2,1
1,41,0,0,23,73.46,2,2,0,1,0,1,1,0
1,52,0,0,64,62.46,2,1,1,2,0,0,4,0
1,31,0,0,57,89.59,0,0,1,2,0,0,2,1
0,46,1,1,5,21.12,0,2,1,0,0,0,0,1
1,26,1,1,57,23.76,0,2,0,0,0,0,2,0
1,36,0,1,63,26.55,1,0,1,0,0,0,1,0
0,49,0,0,4,52.45,2,3,0,1,1,1,1,0
0,22,0,0,1,88.23,0,1,1,2,0,1,3,0
0,51,0,0,42,63.08,1,1,1,1,0,0,0,0
0,44,1,1,1,58.53,0,0,1,1,1,1,1,1
1,52,1,1,53,75.94,2,2,1,2,1,0,7,0
1,48,0,0,42,47.45,2,1,1,1,0,0,1,0
1,64,0,0,9,37.72,0,2,1,1,0,1,2,1
1,46,0,1,41,73.05,0,1,0,2,1,1,2,0
1,38,1,1,64,112.47,1,0,1,2,1,1,1,0
1,46,1,0,66,73.91,2,2,1,2,0,1,1,0
0,52,0,0,48,40.68,1,2,1,1,0,1,1,0
1,45,0,1,61,89.48,2,1,1,2,1,0,2,0
0,45,1,0,28,24.45,1,0,1,0,0,0,1,0
0,35,1,1,43,82.26,0,3,1,2,0,1,1,1
1,35,0,0,58,104.73,2,0,1,2,1,1,0,0
0,25,0,0,1,61.59,0,3,0,1,0,0,0,0
1,69,0,0,49,77.58,2,2,1,2,1,0,6,0
0,27,1,1,45,49.91,1,1,1,1,1,0,3,0
1,35,0,0,3,22.49,0,2,0,0,0,0,2,1
0,34,0,0,17,97.25,2,3,0,2,1,1,3,0
1,57,1,0,10,23.46,2,1,1,0,0,0,0,0
1,40,0,0,52,59.9,1,1,0,2,1,1,1,0
1,62,1,0,31,24.76,0,1,1,0,0,0,1,1
1,35,0,0,1,63.48,0,3,1,2,1,0,10,1
1,48,0,1,42,81.21,2,2,1,1,0,1,1,0
0,33,1,0,11,43.41,2,1,1,1,1,1,2,0
0,75,0,0,49,24.19,0,0,1,0,0,0,2,1
0,28,1,0,30,88.61,0,1,1,2,1,0,5,0
1,49,1,1,45,80.96,1,1,0,2,1,0,3,0
0,53,0,0,1,80.94,0,1,1,2,0,1,0,1
1,50,1,0,7,60.06,0,2,1,1,0,0,3,1
1,42,0,0,46,73.31,0,0,1,1,0,0,3,1
0,43,1,0,19,28.84,1,1,1,0,0,0,0,0
0,45,0,1,63,72.74,2,2,0,1,0,0,2,0
1,42,1,1,60,42.44,2,1,1,1,1,0,3,0
0,58,0,0,59,89.44,1,0,1,2,0,1,1,0
1,75,0,0,14,87.17,1,0,0,2,0,1,1,1
1,37,1,0,8,59.21,1,0,1,1,0,1,0,0
1,25,1,1,26,31.88,0,3,1,0,0,0,2,1
1,43,0,0,53,81.91,2,2,1,2,1,0,4,0
1,80,0,1,43,22.97,1,0,1,0,0,0,2,0
0,33,1,1,2,27.67,0,1,0,0,0,0,1,0
0,67,1,1,1,18.25,0,1,1,0,0,0,0,0
1,68,0,0,45,52.16,0,2,0,1,0,0,0,1
1,37,0,0,8,83.12,0,2,1,2,0,1,2,1
0,52,0,0,13,43.96,0,2,1,1,1,1,2,0
0,67,1,0,1,30.29,0,1,1,0,0,0,2,1
1,39,0,1,26,42.25,0,0,1,1,1,1,1,0
0,42,0,0,21,83.1,2,2,0,2,0,1,1,0
1,36,1,1,30,58.52,1,3,1,1,0,0,5,1
0,30,0,0,65,31.77,2,3,1,0,0,0,3,0
1,35,1,1,38,84.85,2,0,1,2,0,0,5,0
0,27,0,0,3,98.11,0,2,0,2,1,1,2,1
1,45,0,0,3,94.81,0,2,1,2,1,0,2,1
0,34,0,0,38,86.73,2,3,1,2,0,0,1,0
0,48,1,1,1,19.55,0,1,1,0,0,0,1,1
1,23,0,1,36,18.25,0,2,1,0,0,0,1,0
0,49,1,0,65,56.28,2,0,0,1,0,0,1,0
1,56,1,1,13,48.49,0,2,1,1,0,0,0,1
0,18,1,0,72,97.87,1,1,1,2,1,0,5,0
1,50,0,0,23,95.44,1,2,0,2,1,1,1,0
0,62,0,0,14,82.42,1,3,1,2,0,1,1,1
1,28,0,0,56,19.21,2,1,1,0,0,0,1,0
0,68,0,0,12,92.15,1,2,0,2,0,0,0,0
1,50,0,1,1,70.75,0,0,0,2,1,0,4,1
0,35,1,0,36,21.21,2,1,0,0,0,0,0,0
1,44,0,0,8,71.29,0,1,0,2,0,1,0,1
1,52,0,0,13,53.34,0,0,0,1,0,0,0,0
1,46,0,0,1,30.85,0,3,0,0,0,0,2,0
0,52,1,0,54,84.93,1,0,0,2,1,1,1,0
1,32,0,0,18,78.79,2,2,1,2,0,1,2,0
0,47,1,1,6,18.25,1,3,1,0,0,0,2,0
1,25,0,0,62,61.63,0,3,0,1,1,0,0,0
0,43,1,1,40,74.07,0,3,1,2,1,0,5,0
1,32,1,1,11,86.65,0,0,1,2,1,1,0,1
0,34,0,0,6,80.04,0,3,1,2,0,1,2,1
0,62,0,1,46,29.19,0,1,1,0,0,0,2,0
1,60,0,0,66,24.21,2,3,1,0,0,0,3,0
0,53,0,0,17,54.29,2,2,0,1,1,0,3,0
0,29,1,0,2,60.83,1,3,0,1,1,0,0,0
1,40,1,1,56,80.28,1,0,1,1,0,1,1,0
0,61,1,1,57,29.44,1,2,1,0,0,0,1,0
0,46,1,1,60,83.76,2,3,1,2,0,1,2,0
0,77,0,0,57,55.04,2,3,0,1,1,0,3,0
1,50,0,1,50,77.65,2,0,1,2,1,1,3,0
0,47,1,0,42,20.25,2,3,1,0,0,0,2,0
1,40,0,1,4,48.37,0,0,1,1,1,1,1,1
0,46,1,0,4,21.14,0,2,0,0,0,0,2,1
0,42,0,0,10,62.84,0,2,1,1,1,1,3,1
0,54,0,0,2,19.64,0,0,1,0,0,0,0,1
1,58,1,1,13,103.66,0,0,1,2,1,0,5,1
0,33,0,0,6,95.53,0,3,1,2,1,1,1,1
0,26,1,1,59,55.25,2,1,0,1,1,0,2,0
1,19,1,0,27,25.0,0,0,1,0,0,0,2,1
0,52,1,0,22,77.2,0,2,0,2,1,0,9,0
1,29,1,1,37,88.78,0,3,1,2,1,0,4,0
1,18,1,0,44,30.44,0,2,0,0,0,0,2,1
0,50,1,0,11,75.16,0,0,1,2,1,0,5,1
1,79,0,1,1,63.53,0,0,1,2,0,0,5,1
0,44,0,0,48,94.85,1,2,1,2,0,1,1,0
1,56,1,1,54,89.54,1,2,1,2,0,1,0,0
1,46,0,0,54,69.32,2,2,1,2,0,0,2,0
0,43,0,0,1,74.73,0,3,1,2,0,1,0,1
1,57,0,1,40,44.69,0,1,0,1,1,1,3,0
1,40,1,1,57,74.86,2,0,0,2,0,1,0,0
1,48,1,0,4,80.47,1,3,1,2,1,1,3,0
1,49,0,0,20,81.27,1,2,0,2,1,0,1,0
1,35,1,1,1,75.89,0,2,1,2,0,0,5,1
0,58,1,0,66,21.21,2,3,0,0,0,0,1,0
1,42,1,1,56,52.25,2,3,1,1,0,0,0,0
0,34,1,1,72,57.01,2,2,1,1,0,1,1,0
1,52,1,0,72,51.2,2,1,1,1,1,1,1,0
0,32,0,0,55,68.9,2,3,0,1,1,1,2,0
0,45,1,1,59,92.11,2,2,0,2,1,0,3,0
1,44,0,0,11,18.25,0,1,0,0,0,0,4,0
1,60,1,0,68,92.33,1,2,0,2,0,1,2,0
1,51,1,0,14,93.48,1,1,1,2,1,0,5,1
0,44,0,0,72,49.78,2,3,1,1,1,0,2,0
1,56,0,0,10,37.06,0,2,0,1,1,1,4,1
0,64,1,1,1,85.11,2,3,1,2,0,1,1,0
0,52,0,0,38,84.89,0,3,1,2,0,0,0,1
0,45,1,1,45,69.3,1,3,0,2,1,0,2,0
1,26,0,0,1,64.68,1,2,1,2,0,1,0,1
1,30,0,0,62,83.77,1,3,0,2,0,1,2,0
0,40,1,1,31,81.74,1,1,1,2,1,0,4,0
0,36,1,1,51,79.16,0,0,1,2,0,0,4,1
1,42,1,1,72,83.83,1,3,0,2,1,0,2,0
0,45,0,0,72,69.56,0,2,1,2,1,0,5,1
1,52,1,1,62,22.83,1,0,1,0,0,0,3,0
0,44,1,1,29,92.47,0,0,0,2,0,1,6,0
1,51,1,1,41,50.8,2,0,1,1,0,1,5,0
0,45,1,1,40,61.59,2,2,1,2,1,0,3,0
1,18,1,1,39,22.64,0,2,1,0,0,0,3,0
0,31,0,0,57,42.16,2,0,1,1,1,0,2,0
1,42,0,0,11,58.21,0,3,1,1,0,1,5,0
1,28,1,0,56,58.83,0,1,1,1,0,0,1,1
0,53,0,0,72,18.25,0,3,1,0,0,0,3,0
0,66,1,1,69,95.63,2,2,1,2,1,0,2,0
1,62,0,0,2,19.44,2,2,0,0,0,0,0,0
0,42,1,1,39,73.71,0,1,1,1,1,0,1,0
1,65,1,1,62,24.76,0,1,0,0,0,0,4,0
0,47,0,0,12,67.55,0,3,0,2,0,1,5,1
1,40,0,0,11,41.3,0,0,1,1,0,1,2,0
1,36,0,0,18,59.18,1,3,1,1,1,0,2,0
1,40,1,1,23,50.3,0,2,1,1,1,0,3,1
1,39,1,0,54,83.65,2,1,1,2,1,1,2,0
1,47,0,1,34,33.06,0,2,1,0,0,0,2,0
1,47,1,1,48,21.5,2,0,1,0,0,0,3,0
0,45,0,0,35,55.72,1,2,0,1,1,0,2,0
0,51,0,0,10,104.88,0,3,0,2,0,1,1,1
0,61,1,0,4,58.25,1,1,0,1,0,1,4,0
1,58,0,0,45,62.51,2,2,1,2,1,0,2,0
1,24,0,0,69,61.06,1,1,0,1,0,0,3,0
1,18,0,1,66,41.04,1,2,0,1,0,1,1,0
1,58,0,0,11,32.03,2,0,1,0,0,0,1,0
0,25,0,0,5,20.89,0,2,1,0,0,0,6,1
0,41,0,0,1,90.63,0,3,1,1,0,0,2,1
1,28,1,1,62,72.61,1,0,0,1,0,1,2,0
0,19,0,0,3,21.02,1,2,1,0,0,0,0,0
0,52,1,1,71,85.28,2,2,1,2,1,1,2,0
1,55,0,0,57,95.55,2,2,1,2,1,1,0,0
0,36,0,1,34,64.4,1,2,1,1,0,1,2,1
1,18,1,1,25,91.19,0,2,0,2,1,0,4,1
0,37,1,1,15,102.53,1,0,1,2,1,0,2,0
1,50,0,1,1,83.28,1,3,0,2,0,0,2,1
1,24,1,1,46,50.6,0,3,0,1,0,1,2,0
1,47,1,0,32,80.14,0,0,0,2,0,0,6,1
1,44,1,0,41,29.29,0,1,1,0,0,0,4,0
0,53,1,1,6,59.38,0,2,1,1,1,1,4,0
1,46,0,0,19,58.5,2,3,1,1,1,0,0,0
1,31,0,0,44,28.98,2,3,1,0,0,0,0,0
1,61,1,1,57,30.39,2,3,0,1,0,0,1,0
0,42,0,0,35,26.55,0,0,1,0,0,0,2,1
1,44,1,0,34,88.06,2,3,1,2,1,0,6,0
0,31,0,0,26,75.03,2,3,1,1,0,0,0,0
1,38,0,0,44,36.66,1,1,1,1,0,0,1,0
0,32,1,0,42,32.79,2,1,0,0,0,0,2,0
0,42,0,1,63,25.38,1,2,1,0,0,0,1,0
1,68,1,1,65,91.85,2,2,1,2,0,1,1,0
0,25,1,1,18,108.46,2,1,1,2,0,0,3,1
1,22,1,0,2,27.8,1,0,1,0,0,0,2,0
1,65,1,0,64,59.8,2,0,1,1,0,1,2,0
1,42,1,0,5,88.39,0,2,0,2,0,1,1,1
0,35,1,1,5,22.58,0,1,1,0,0,0,2,0
0,59,1,1,4,84.6,0,2,1,2,1,0,5,1
1,36,0,0,1,46.41,1,0,0,1,1,1,0,0
1,70,0,0,3,54.47,1,3,0,1,0,1,1,1
0,54,0,0,3,26.97,2,3,1,1,0,1,1,0
1,38,0,0,54,60.15,0,3,0,1,0,0,3,1
1,75,1,1,55,53.54,2,2,0,1,1,0,0,0
1,36,1,1,15,80.29,2,0,1,2,0,0,4,0
0,55,1,1,51,88.08,2,1,1,2,1,1,0,0
0,49,0,1,70,64.93,0,0,0,2,0,0,3,0
0,63,1,1,4,112.01,0,3,1,2,1,1,2,1
1,66,0,0,11,53.77,0,1,1,1,1,1,2,1
1,45,1,0,2,82.96,0,2,1,2,1,0,4,1
1,34,1,0,10,43.42,0,2,1,1,0,1,2,1
0,51,0,0,57,85.34,2,3,1,2,1,1,3,0
1,35,0,0,39,71.64,1,2,0,1,1,0,0,0
1,73,0,1,47,99.5,1,2,1,2,1,1,1,0
1,46,1,0,1,96.96,0,2,0,2,1,0,3,1
1,39,1,0,37,61.56,2,2,0,1,0,0,4,0
0,47,1,1,50,23.21,2,0,1,0,0,0,4,0
0,26,0,0,1,37.6,1,3,0,1,1,1,0,0
1,31,0,0,55,52.59,1,2,1,1,0,1,6,0
0,61,1,0,19,81.7,1,0,1,2,0,1,3,1
0,35,1,0,72,99.68,2,3,0,2,0,1,0,0
1,30,0,0,1,58.71,0,2,0,1,0,0,0,1
1,52,0,0,43,74.35,1,3,1,1,0,1,0,0
0,61,1,1,47,101.76,0,3,1,2,1,1,0,0
1,55,0,1,29,22.72,0,3,1,0,0,0,2,1
0,58,0,0,32,33.46,1,0,1,1,0,0,2,0
1,34,0,1,22,104.4,0,1,0,2,0,0,2,0
0,25,1,0,39,104.03,1,3,0,2,0,1,1,0
1,66,1,0,5,18.25,0,3,1,0,0,0,1,1
0,40,1,1,1,32.55,0,2,0,0,0,0,1,1
0,41,1,0,8,90.35,0,2,1,2,1,1,3,1
0,63,1,1,26,87.25,1,0,1,2,0,1,0,0
1,52,0,0,72,107.61,0,3,1,2,0,1,1,0
0,51,1,1,70,71.14,0,0,1,1,1,0,3,0
0,75,0,0,31,94.12,1,0,1,2,0,1,0,1
1,35,1,1,9,60.68,0,2,1,1,0,0,3,1
1,57,0,0,25,93.63,0,1,1,2,1,0,3,1
0,45,0,0,38,79.4,0,3,1,2,0,0,4,1
0,48,0,0,57,24.72,2,0,1,0,0,0,1,0
1,66,0,1,72,72.37,2,0,1,2,1,1,2,0
1,52,0,1,2,23.33,0,2,1,0,0,0,2,1
1,52,0,1,28,50.6,0,2,1,1,1,1,1,1
1,60,1,0,49,76.11,2,0,0,2,1,0,5,0
1,39,0,1,3,86.91,0,2,0,2,1,1,0,1
0,33,1,0,68,80.46,1,1,0,2,0,1,0,0
1,30,1,1,9,61.03,1,3,0,1,1,1,4,0
0,18,1,1,25,35.53,2,0,1,1,1,1,1,0
0,73,1,0,53,83.41,2,3,0,2,0,0,7,0
0,29,1,1,14,25.66,1,2,1,0,0,0,1,0
1,41,0,0,2,80.65,0,0,1,2,0,0,2,1
0,41,0,0,36,52.93,0,0,0,1,0,1,1,0
0,49,0,0,31,62.81,2,2,0,2,0,0,4,1
1,56,1,1,7,26.78,0,1,1,0,0,0,3,1
0,57,1,1,62,94.07,1,1,1,2,1,1,1,0
0,36,0,0,3,91.91,2,1,1,2,1,1,2,0
1,42,0,1,5,67.46,2,2,1,1,0,0,1,0
0,48,1,0,67,87.82,2,2,1,2,0,0,9,1
0,41,0,0,40,91.7,2,0,1,2,1,0,2,0
0,67,1,1,13,87.19,2,2,0,2,0,1,2,0
1,51,1,1,1,94.63,0,3,1,2,1,1,4,1
1,55,1,1,56,36.07,2,0,0,1,0,0,3,0
1,54,1,0,3,20.53,1,3,1,0,0,0,0,1
0,61,1,0,39,32.93,1,2,1,0,0,0,1,0
0,47,1,0,11,25.47,0,3,1,1,0,0,0,1
1,26,1,0,45,24.3,2,0,0,0,0,0,3,0
0,50,1,0,72,69.07,1,3,1,1,1,0,2,0
0,35,0,0,13,24.53,2,2,1,0,0,0,1,0
1,37,0,0,67,22.97,0,2,1,0,0,0,2,0
1,53,0,0,6,25.65,0,2,0,0,0,0,2,0
0,62,0,0,33,80.06,1,0,1,2,0,1,3,0
0,45,1,1,1,85.43,0,3,1,2,1,0,2,1
0,49,1,0,50,46.8,2,2,1,1,0,0,0,0
1,68,0,0,12,100.52,1,0,1,2,0,0,2,1
1,48,0,0,58,32.12,0,0,1,0,0,0,2,1
1,80,1,0,56,83.13,0,0,0,2,1,0,5,1
1,52,0,1,34,65.59,0,2,0,2,0,0,7,1
0,20,0,0,18,22.38,0,2,1,0,0,0,2,1
1,55,1,1,58,82.42,2,2,1,2,1,1,0,0
1,50,1,1,29,92.08,1,1,0,2,1,1,0,0
1,63,0,0,6,42.9,0,2,1,1,0,0,2,1
1,54,0,1,25,74.23,1,2,1,2,0,1,0,1
1,43,0,0,2,27.55,0,0,0,0,0,0,2,1
0,27,1,1,1,66.27,0,1,1,1,0,0,3,1
0,42,1,1,28,21.89,0,0,0,0,0,0,0,0
1,33,0,0,17,18.33,2,3,0,0,0,0,1,0
0,36,1,0,65,94.41,2,2,1,1,1,1,1,0
1,53,1,0,1,95.97,1,3,1,2,0,0,1,1
1,68,0,0,61,23.66,1,1,0,0,0,0,2,0
0,50,1,1,67,65.43,1,3,1,1,0,1,2,0
0,28,1,1,43,53.51,2,2,0,1,1,1,1,0
1,51,0,0,13,97.14,1,2,0,2,1,1,2,1
1,61,0,0,12,87.23,2,1,0,2,0,1,2,0
1,36,1,0,5,86.28,0,2,0,2,1,0,4,1
0,43,1,1,1,83.41,0,3,0,2,0,1,2,1
1,45,1,1,3,64.74,0,1,1,2,1,0,6,1
1,34,1,1,49,112.13,2,0,1,2,1,1,2,1
1,54,1,0,72,71.82,2,2,0,2,1,1,1,0
0,43,0,1,19,18.25,1,3,0,0,0,0,1,1
1,50,1,0,32,52.45,2,2,0,1,1,0,2,0
1,32,0,0,21,71.54,1,1,1,2,1,0,4,1
0,38,0,0,55,54.38,2,1,0,1,0,0,2,0
1,55,1,0,10,63.25,2,1,0,1,0,0,1,0
1,39,1,0,25,98.93,2,3,1,2,1,0,2,0
0,69,0,0,34,96.41,0,2,1,2,0,0,4,1
1,39,1,1,45,23.47,0,2,0,0,0,0,1,0
0,48,0,0,33,85.69,1,1,1,2,1,1,1,0
0,58,0,0,24,90.71,1,3,0,2,0,0,2,1
1,25,0,0,71,60.39,2,2,0,2,1,1,1,0
1,20,1,0,10,92.99,0,3,1,2,1,1,2,1
1,23,1,0,52,64.6,1,2,1,2,1,0,5,1
1,62,0,0,26,79.48,2,3,1,1,0,1,1,0
0,37,1,0,13,22.98,0,3,0,0,0,0,4,1
1,80,0,1,66,52.78,1,1,1,1,1,1,1,0
0,37,1,1,58,74.22,1,3,0,2,1,0,2,0
1,47,0,0,1,76.18,0,0,1,2,0,1,2,1
1,66,0,0,39,116.84,0,2,1,2,0,1,2,1
1,73,1,0,47,29.7,2,3,0,0,0,0,3,0
0,73,0,0,64,63.31,1,1,1,2,1,1,1,0
1,61,0,0,37,73.05,2,2,1,1,1,1,1,1
1,59,1,0,38,30.97,1,2,0,0,0,0,2,0
1,53,1,1,65,23.59,1,2,1,0,0,0,1,0
1,55,0,0,43,26.53,0,3,1,0,0,0,2,1
0,37,0,0,72,84.79,0,2,0,2,1,1,1,0
1,33,0,0,45,78.67,2,3,1,1,0,1,2,0
0,44,1,1,1,45.44,0,1,1,1,0,0,1,1
0,42,0,0,24,87.04,0,1,1,2,0,0,2,1
0,38,1,1,50,49.86,2,1,1,1,1,0,2,0
0,54,1,0,24,18.25,0,2,1,0,0,0,4,1
0,58,0,0,5,81.3,0,0,0,1,0,1,2,1
0,46,0,0,29,19.09,2,2,1,0,0,0,0,0
1,65,0,0,71,26.1,2,1,0,0,0,0,2,0
0,29,0,1,38,18.25,0,3,0,0,0,0,4,1
0,42,1,0,58,79.41,0,0,0,2,0,1,1,1
0,34,0,0,67,27.11,2,2,1,0,0,0,2,0
1,18,0,0,1,45.1,0,2,1,1,1,1,3,1
1,43,1,0,59,93.22,2,3,0,2,1,1,5,0
0,43,0,0,12,51.77,0,2,1,1,1,0,2,1
1,66,1,0,17,101.24,2,3,0,2,0,0,6,0
0,53,0,1,18,71.34,0,3,1,1,1,1,4,0
0,30,1,1,56,47.96,2,2,1,1,0,0,0,0
1,70,1,0,29,86.07,0,1,0,2,1,1,3,1
0,62,1,1,1,25.92,0,3,0,0,0,0,1,1
1,53,1,0,49,28.1,0,2,0,0,0,0,3,0
1,41,0,1,52,85.2,1,1,0,2,0,0,10,0
0,31,0,0,7,57.28,1,2,1,1,0,0,2,0
0,39,1,0,72,81.59,2,3,0,2,0,1,0,0
1,60,1,0,4,86.61,2,3,1,2,1,1,1,0
0,71,0,0,18,70.58,1,3,1,1,1,0,1,0
0,66,0,0,58,94.05,2,1,1,2,1,1,1,0
0,38,0,0,72,63.42,1,1,0,1,0,1,1,0
1,29,0,0,53,95.12,2,0,1,2,1,1,1,0
1,46,0,0,49,82.85,2,1,1,2,0,1,1,0
0,20,1,0,1,89.46,0,3,1,2,1,1,1,1
1,49,0,0,68,41.98,2,1,1,1,0,1,0,0
1,42,0,0,70,102.76,2,2,0,2,0,0,4,1
1,38,1,1,8,21.6,0,2,0,1,0,0,1,1
1,22,1,0,61,24.56,2,3,1,0,0,0,1,0
1,52,1,0,41,100.97,0,0,1,2,1,1,2,1
0,37,1,1,58,18.25,2,1,1,0,0,0,2,0
0,28,0,0,5,90.6,0,2,0,2,0,1,4,1
0,18,1,1,52,21.6,0,1,1,0,0,0,0,0
1,44,1,1,49,79.84,1,3,0,2,0,0,4,0
1,69,0,0,1,66.35,0,3,0,1,0,0,0,0
0,68,1,0,62,57.38,2,2,1,1,0,0,2,0
1,38,1,1,56,18.25,2,3,0,0,0,0,0,0
0,36,0,0,48,71.33,1,1,1,2,0,1,1,0
0,51,0,0,37,66.7,0,3,1,1,1,0,2,0
0,31,0,0,36,91.29,2,1,1,2,1,0,3,0
1,49,0,1,27,33.74,1,2,1,0,0,0,1,0
1,55,0,0,30,33.41,1,2,1,0,0,0,0,0
0,62,1,1,20,23.29,0,0,0,0,0,0,1,0
0,43,0,0,38,85.04,2,1,1,1,1,1,0,0
0,42,1,1,19,85.34,0,1,1,2,0,0,6,1
0,32,1,1,49,71.52,2,2,1,2,1,0,3,0
1,33,1,0,42,47.4,2,0,1,1,0,1,1,0
1,41,1,1,43,53.41,2,2,0,2,1,0,4,0
0,50,0,0,9,107.5,0,2,0,2,1,0,2,1
0,57,0,0,11,74.14,0,2,0,1,0,0,3,1
1,33,1,1,38,42.81,2,2,1,1,0,1,0,0
1,65,1,1,31,52.27,1,0,1,1,1,1,1,0
0,41,1,0,1,25.48,0,2,1,0,0,0,5,1
0,44,0,0,72,20.2,2,3,1,0,0,0,3,0
0,34,1,1,8,18.25,0,2,1,0,0,0,2,1
1,18,0,0,40,82.05,2,2,0,2,0,1,2,0
1,57,1,1,38,23.39,1,2,0,0,0,0,4,0
1,55,1,1,50,23.06,2,1,1,0,0,0,2,0
0,41,0,0,16,57.67,0,2,1,1,0,1,3,1
0,45,1,0,27,32.15,0,3,0,0,0,0,2,0
1,52,0,0,24,23.48,2,0,1,0,0,0,1,0
1,23,0,0,61,87.39,2,3,0,2,0,0,1,0
0,37,1,1,65,28.63,0,0,1,0,0,0,1,0
1,56,1,0,38,92.76,1,2,0,2,1,0,3,0
1,27,1,1,59,47.63,1,3,1,1,0,1,0,0
0,49,1,1,39,86.35,2,3,0,2,1,0,3,0
1,26,1,1,41,92.67,2,3,1,2,0,0,5,0
0,51,1,1,52,41.46,2,3,1,1,1,0,1,0
0,44,1,1,22,102.69,1,2,1,2,1,1,0,1
0,22,0,0,17,72.18,2,2,1,1,0,0,1,0
0,61,1,1,12,74.88,1,1,0,2,1,0,1,1
0,34,0,0,58,57.32,0,1,0,1,0,0,0,0
0,33,1,1,45,93.99,2,1,1,2,0,1,2,0
0,47,0,1,60,77.36,2,2,1,2,0,1,2,0
1,61,0,0,12,91.74,2,2,0,2,1,0,4,0
0,30,0,0,38,56.96,2,3,1,1,1,1,0,0
0,45,1,1,52,37.38,2,2,0,1,0,0,0,0
1,51,0,0,1,91.43,2,0,0,2,1,1,3,1
1,54,0,0,49,69.6,1,2,1,2,0,0,1,1
1,47,1,1,2,98.15,0,1,1,2,0,1,2,0
0,39,1,1,48,46.95,2,2,1,1,0,1,0,0
1,33,0,0,2,82.74,1,3,1,2,0,1,1,0
0,46,0,0,72,31.86,1,2,1,0,0,0,3,0
0,29,0,0,1,60.96,0,3,0,1,1,0,1,1
0,18,0,0,72,19.6,1,2,1,0,0,0,2,0
0,51,1,0,48,42.82,0,2,1,1,1,0,3,0
1,57,1,0,69,76.61,2,2,0,2,0,0,4,1
1,18,1,1,28,26.97,1,0,0,0,0,0,2,0
0,30,0,1,43,90.02,2,0,1,2,0,1,2,0
0,53,1,1,31,73.2,0,0,1,2,0,1,1,1
0,73,1,0,53,19.16,2,1,0,0,0,0,2,0
1,45,1,0,49,58.38,0,1,0,1,1,0,3,1
0,34,1,0,4,82.45,1,3,0,2,1,1,2,1
0,42,1,1,47,35.79,2,2,0,0,0,0,2,0
1,64,1,1,61,85.51,2,2,1,2,0,0,6,0
1,35,0,1,56,110.4,0,1,1,2,1,0,1,0
0,33,1,0,45,19.15,1,1,1,0,0,0,5,0
1,38,1,0,1,18.25,0,1,0,0,0,0,1,1
1,31,1,0,13,41.56,0,2,1,1,1,0,1,1
0,46,0,0,64,101.65,2,2,0,2,1,1,1,0
1,67,1,1,24,76.07,1,2,0,1,1,0,1,0
0,49,1,0,29,21.09,1,2,1,0,0,0,0,0
1,41,0,0,51,49.47,2,2,0,1,0,1,1,0
0,40,0,1,24,68.63,0,0,0,2,1,1,4,1
0,23,1,1,22,33.26,0,2,1,1,0,1,1,1
0,57,1,1,49,63.62,0,2,0,1,0,1,1,1
1,43,1,1,72,88.12,2,2,1,2,1,0,5,0
0,42,0,0,50,85.15,2,1,0,2,0,1,0,0
1,80,1,0,12,65.4,0,1,0,2,0,1,4,1
0,49,0,0,1,107.96,0,1,1,2,0,0,1,1
0,34,0,0,12,77.95,2,3,1,2,1,0,2,0
1,39,0,0,43,92.47,2,2,1,2,1,0,2,0
0,61,0,0,39,64.64,2,3,1,2,1,0,2,0
0,46,0,0,17,82.33,1,2,1,2,1,1,3,1
1,24,0,0,53,89.08,1,0,1,2,0,0,4,0
0,57,0,0,5,58.92,2,2,0,1,0,1,3,0
0,35,0,0,9,56.86,1,0,1,1,0,1,0,0
0,71,1,1,56,91.92,1,3,1,2,1,1,1,0
0,60,1,1,30,41.43,2,3,1,1,1,1,0,0
1,38,0,0,47,87.76,2,2,1,2,0,0,5,1
1,62,1,0,10,56.37,0,2,0,1,1,0,6,0
0,45,0,0,36,88.24,1,2,1,2,1,0,1,0
1,56,1,0,40,25.36,0,3,1,0,0,0,1,0
0,51,0,0,47,67.18,0,1,1,2,1,0,5,1
1,33,0,0,21,66.55,1,2,1,2,0,0,0,0
0,35,1,1,53,18.25,1,2,1,0,0,0,1,0
0,59,1,1,61,64.81,2,3,1,1,0,0,2,0
0,40,1,1,50,64.93,2,3,1,1,0,1,1,0
0,39,1,0,66,65.12,0,3,1,1,1,1,4,0
0,31,1,0,57,58.68,1,2,1,1,0,0,0,0
0,50,0,0,52,18.25,2,0,1,0,0,0,1,0
1,73,0,0,48,70.63,2,2,1,2,0,1,3,1
0,30,0,0,31,25.85,2,2,0,0,0,0,1,0
1,45,0,1,41,86.9,1,2,1,2,0,0,2,0
0,64,1,1,51,52.33,1,0,1,1,1,0,3,0
1,43,1,0,25,90.16,1,2,1,2,0,1,1,1
1,51,0,0,1,55.14,2,1,1,1,0,1,0,0
1,30,1,0,40,86.69,1,3,0,2,1,1,1,0
0,50,1,1,34,76.05,2,0,0,2,0,0,6,0
0,42,0,0,40,98.75,1,2,0,2,1,1,0,1
1,58,0,0,47,22.85,2,1,1,0,0,0,1,0
0,61,0,0,6,66.37,0,1,0,2,0,1,0,1
1,80,0,0,28,45.75,1,3,1,1,0,0,0,0
0,53,0,0,20,23.26,1,1,0,0,0,0,1,0
1,49,1,0,1,66.93,0,0,1,1,1,0,4,0
1,47,0,0,1,54.49,0,0,0,1,0,1,3,1
0,40,0,0,65,52.77,0,2,0,1,0,1,2,0
1,49,1,1,2,67.52,0,2,1,2,1,0,5,1
0,40,1,0,14,64.43,0,1,0,1,1,0,5,1
1,47,1,1,43,47.18,2,2,1,1,0,0,1,0
1,63,0,0,2,24.5,0,0,0,0,0,0,2,1
0,30,0,0,60,105.72,0,3,1,2,0,0,3,0
0,60,1,0,44,92.12,2,3,1,2,1,0,3,0
0,63,0,1,72,35.46,2,3,0,1,0,0,2,0
1,43,0,0,53,60.23,2,3,0,2,0,0,3,0
0,18,1,0,60,54.23,2,1,0,1,1,1,0,0
1,36,1,1,49,40.45,0,1,1,1,0,1,2,0
1,63,0,0,64,62.78,1,2,0,1,0,0,0,0
0,44,1,1,72,85.59,2,0,1,2,1,1,2,0
0,31,0,0,72,87.32,0,1,1,2,0,0,2,0
1,37,0,0,34,46.52,0,0,1,1,0,1,2,1
1,56,0,0,54,33.71,0,2,0,0,0,0,1,0
0,52,0,0,5,39.21,0,2,0,0,0,0,5,1
0,41,0,0,58,81.1,1,0,0,2,1,1,1,0
0,39,1,1,58,89.94,1,0,1,2,1,1,0,0
0,39,1,1,16,56.17,0,2,0,1,0,1,4,0
0,32,1,1,3,23.7,0,0,1,0,0,0,1,1
1,67,0,0,55,73.35,2,3,1,2,1,1,1,0
1,40,0,0,65,69.81,1,1,0,2,0,1,2,0
1,62,0,0,9,69.1,0,2,1,2,1,1,6,1
1,66,0,0,7,90.67,0,1,0,2,0,0,5,1
0,58,0,0,28,77.72,0,0,0,2,1,0,5,1
0,38,1,0,46,18.25,0,2,0,0,0,0,2,1
0,50,1,0,26,27.22,0,2,0,0,0,0,4,0
1,44,1,0,2,24.81,0,3,1,0,0,0,3,0
1,32,0,0,61,103.85,2,2,1,2,0,0,3,1
0,49,1,1,1,26.87,0,0,0,0,0,0,3,1
0,28,0,0,68,37.26,1,0,1,1,0,1,2,0
1,61,0,0,35,28.24,1,1,1,1,0,1,0,0
1,38,0,0,37,46.37,2,0,0,1,0,1,1,0
0,47,1,1,1,76.25,1,2,0,2,0,1,2,0
0,48,1,1,9,29.72,0,3,1,0,0,0,2,0
1,41,0,0,8,54.89,0,2,1,1,0,0,2,1
0,53,1,1,4,100.87,0,2,1,2,1,1,2,1
0,38,1,1,4,18.38,1,2,1,0,0,0,3,1
0,57,0,0,28,98.51,0,3,1,2,1,0,5,1
1,26,0,1,1,95.09,2,0,1,2,0,0,2,0
1,46,0,0,69,56.74,2,2,1,2,0,0,5,0
1,72,1,1,6,103.52,0,3,1,2,0,1,1,1
1,30,0,0,71,56.12,0,0,0,1,0,0,4,0
1,35,1,1,61,90.49,2,1,1,2,0,1,2,0
1,52,0,1,1,20.68,0,3,0,0,0,0,3,1
1,47,1,0,11,70.3,0,3,1,1,0,1,2,1
0,49,0,0,42,19.07,1,1,1,0,0,0,1,0
0,51,1,0,25,64.99,2,2,1,1,0,1,1,0
0,53,1,1,30,96.49,1,1,0,2,1,0,3,1
0,60,1,1,65,43.31,1,2,1,1,0,1,1,0
0,50,1,0,6,112.77,0,1,1,2,0,1,2,1
0,41,0,0,3,57.78,1,1,1,1,0,1,2,0
0,54,1,0,20,62.85,1,2,1,1,0,1,2,0
1,71,0,0,62,63.62,2,2,1,2,0,1,2,0
1,43,0,1,52,80.41,2,3,0,1,1,1,1,0
0,31,1,1,8,67.86,0,0,1,2,0,1,1,1
0,60,0,0,14,67.3,1,3,1,1,0,1,0,0
1,43,1,0,12,20.03,0,1,0,0,0,0,4,0
0,18,1,0,18,47.57,2,1,0,1,1,1,4,0
0,56,0,0,68,96.04,2,3,0,2,1,0,3,0
1,37,1,0,57,30.14,1,2,1,0,0,0,1,0
0,43,0,1,52,18.64,1,0,1,0,0,0,2,0
1,49,0,0,61,30.45,2,0,1,0,0,0,1,0
0,47,0,1,43,99.63,0,2,1,2,1,0,3,1
1,54,1,0,35,71.87,0,2,0,2,0,1,1,1
1,38,1,0,51,107.38,2,3,1,2,0,0,5,1
1,52,1,0,1,37.52,0,3,0,1,0,0,1,1
0,41,1,0,40,76.25,2,3,0,2,0,0,3,1
1,55,0,0,46,91.71,0,2,1,2,1,0,4,1
0,53,0,0,56,73.05,2,3,0,2,1,1,1,0
0,31,1,0,1,88.69,0,0,1,2,0,1,0,1
0,60,1,0,22,88.38,0,3,1,2,1,0,3,0
0,37,0,0,34,52.76,2,1,1,1,1,0,0,0
1,56,0,1,19,96.65,1,3,0,2,0,0,1,1
1,50,1,1,2,81.8,0,0,1,2,1,0,4,1
0,70,1,1,17,26.16,0,2,1,0,0,0,3,1
0,41,0,0,72,30.73,2,2,1,0,0,0,1,0
1,40,0,0,72,96.07,2,3,1,2,0,0,4,1
0,44,1,0,64,64.43,2,2,1,1,1,0,2,0
1,40,1,1,71,68.91,2,1,1,2,1,0,4,0
0,56,0,0,64,61.3,2,2,1,1,1,0,3,0
0,22,1,1,53,20.61,1,1,1,0,0,0,1,0
1,30,0,0,18,18.59,1,0,1,0,0,0,1,0
0,30,0,0,23,24.64,1,1,1,0,0,0,1,0
1,58,1,1,46,44.15,0,1,1,1,0,0,2,1
0,68,1,0,43,64.49,1,2,0,1,0,1,1,0
0,43,0,0,1,96.4,0,3,1,2,0,1,2,1
0,42,1,1,25,58.36,0,3,0,2,0,0,3,1
1,45,1,1,61,45.06,0,0,0,1,1,1,0,0
0,61,1,1,50,37.48,1,0,0,1,0,0,0,0
0,32,1,0,16,49.45,2,1,0,1,0,1,0,0
0,48,1,1,55,60.46,1,1,1,1,1,1,1,0
0,58,1,1,72,52.09,1,0,1,1,1,0,0,0
1,52,0,1,67,22.05,0,1,0,0,0,0,1,0
1,47,0,0,53,31.5,2,2,1,0,0,0,2,1
0,59,0,0,11,18.25,0,2,0,0,0,0,2,0
1,18,1,1,1,31.18,0,2,1,0,0,0,2,1
0,54,1,1,40,77.38,2,1,1,2,0,1,1,0
0,35,0,0,62,24.61,0,2,1,0,0,0,2,1
0,19,0,1,5,77.62,0,3,0,2,1,0,3,1
1,52,1,1,19,106.6,1,1,1,2,1,0,1,0
1,64,0,0,70,67.77,2,0,1,2,1,1,2,0
1,43,1,0,46,85.16,2,1,1,2,1,0,2,0
1,58,0,0,64,61.33,2,0,0,1,0,0,3,0
1,67,1,0,69,35.67,1,2,1,1,0,0,1,0
1,63,1,0,32,20.4,2,0,0,0,0,0,2,0
1,67,0,1,57,82.93,0,2,1,2,0,1,2,1
1,55,0,0,1,72.59,0,1,0,2,0,1,0,1
1,46,0,0,28,73.58,2,2,1,2,0,1,0,1
0,22,1,0,66,50.8,2,0,0,1,0,0,3,0
1,41,1,1,23,94.09,0,2,1,2,1,1,2,0
1,33,0,0,59,23.29,0,0,1,0,0,0,2,0
1,75,1,0,1,30.39,0,0,1,0,0,0,2,1
1,42,1,0,8,71.03,0,3,1,2,1,1,2,1
1,46,0,0,50,39.98,1,2,0,1,0,0,1,1
1,52,0,0,72,111.97,2,0,0,2,1,0,3,0
1,45,1,1,10,21.71,0,2,0,0,0,0,2,1
1,68,1,1,46,66.65,2,2,1,2,0,0,5,1
1,36,1,0,51,34.1,2,2,1,1,1,0,1,0
1,47,1,1,10,100.05,0,1,1,2,0,0,4,1
1,34,1,1,65,80.22,2,3,0,2,1,1,0,0
0,26,0,0,38,81.45,2,1,1,2,1,1,0,0
0,36,1,1,61,53.09,1,1,1,1,1,1,2,0
1,44,1,0,65,99.18,2,1,1,2,0,1,0,0
1,38,1,1,47,24.1,2,2,1,0,0,0,1,0
0,35,0,0,40,36.72,2,3,0,0,0,0,1,0
1,25,0,0,62,56.61,2,3,0,1,1,1,1,0
0,43,0,0,38,99.86,1,3,0,2,1,0,4,1
0,23,0,0,62,64.66,2,3,1,1,0,0,1,0
0,55,0,1,48,84.49,0,2,1,2,1,1,2,0
0,46,1,1,19,76.78,2,2,0,2,1,0,3,0
0,24,1,1,10,26.66,0,3,0,0,0,0,3,1
1,40,0,0,4,92.14,0,0,0,2,0,0,2,1
0,34,1,0,64,22.14,1,2,1,0,0,0,1,0
1,49,0,0,59,87.33,2,2,0,2,1,1,1,0
1,63,0,0,6,69.83,0,3,0,1,1,1,3,0
0,18,0,0,9,79.84,2,3,0,1,1,1,1,0
0,46,1,0,55,65.25,0,3,1,1,1,0,2,0
1,42,0,0,13,34.31,2,3,1,0,0,0,2,0
0,54,0,0,72,47.45,2,2,1,1,0,1,0,0
0,47,0,0,50,28.51,1,0,0,0,0,0,2,0
1,34,1,1,58,31.69,1,0,1,0,0,0,0,0
1,40,0,0,41,20.52,2,2,0,0,0,0,1,0
0,33,1,1,1,49.17,0,1,1,1,0,1,1,1
1,60,1,1,34,109.33,1,2,0,2,0,1,0,0
0,45,1,1,41,71.35,1,1,0,2,0,1,1,0
0,71,1,1,56,66.22,1,3,1,2,0,0,1,0
0,44,0,0,1,106.39,2,1,0,2,0,1,2,0
1,35,0,0,50,101.75,1,3,0,2,1,0,2,0
1,23,1,1,72,91.05,1,3,1,2,0,0,3,1
1,19,0,0,3,54.45,0,2,1,1,1,1,2,1
1,22,1,0,35,78.86,2,2,1,2,0,1,1,0
1,48,1,1,61,26.41,2,2,1,0,0,0,2,0
0,52,1,1,58,107.12,1,2,1,2,0,0,6,1
0,22,1,0,47,88.34,0,1,1,2,1,0,2,1
0,57,1,0,32,81.0,0,0,1,1,1,1,0,0
0,38,1,1,20,72.43,1,1,1,2,1,1,2,0
1,47,0,0,49,24.9,1,0,0,0,0,0,2,0
0,67,1,1,49,23.13,2,1,0,0,0,0,1,0
1,57,0,0,56,19.57,1,1,1,0,0,0,2,0
0,41,0,0,32,82.86,0,2,1,2,1,0,8,1
1,32,1,1,15,90.84,2,3,1,2,0,0,2,0
1,18,0,0,20,92.34,1,2,0,2,0,1,2,0
0,34,0,0,3,35.85,0,3,0,0,0,0,1,1
0,42,0,0,48,60.57,0,3,0,1,0,1,3,1
0,31,1,1,24,101.1,0,2,0,2,0,0,5,1
0,43,1,0,28,25.33,2,1,1,0,0,0,2,0
1,46,1,1,31,108.49,1,1,1,2,0,1,2,0
0,41,0,1,59,36.99,1,3,1,0,0,0,1,0
0,35,1,0,1,27.66,0,3,1,0,0,0,4,1
1,47,1,1,40,43.09,2,2,1,1,0,0,0,0
0,51,0,0,62,77.32,1,0,1,2,0,1,3,0
0,29,0,0,23,26.41,1,3,1,0,0,0,1,0
0,64,0,0,35,27.28,2,1,1,0,0,0,3,0
0,43,1,1,59,28.49,0,0,1,0,0,0,0,0
0,45,1,0,39,60.52,2,3,1,1,0,0,2,0
1,54,1,0,52,55.08,2,2,1,1,1,1,1,0
0,48,0,0,67,47.37,2,2,1,1,1,1,0,0
0,58,1,0,18,90.62,0,3,1,2,1,0,8,1
0,49,1,1,35,77.26,0,2,1,1,0,1,1,1
0,36,1,0,65,99.28,2,2,1,2,0,0,6,1
0,50,1,1,6,92.49,0,1,0,2,1,0,3,1
1,28,0,0,1,30.15,0,1,0,0,0,0,1,0
0,46,0,1,44,23.14,0,3,1,0,0,0,2,1
1,44,1,1,58,77.88,0,2,0,2,0,1,1,1
1,42,1,0,2,21.26,2,0,1,0,0,0,0,0
0,43,1,1,26,24.37,1,0,0,0,0,0,4,0
0,18,0,0,1,22.89,2,2,0,0,0,0,0,1
0,37,1,1,27,101.92,0,2,1,2,1,1,2,0
0,46,0,0,58,78.35,2,2,1,2,1,0,5,0
1,47,0,0,18,73.76,0,2,1,2,1,1,2,1
0,30,1,1,13,112.2,2,0,0,2,1,1,1,0
0,62,1,1,38,49.58,2,2,1,1,1,1,1,0
0,32,0,0,30,56.84,0,3,1,1,1,1,5,0
0,58,0,0,7,60.42,2,0,0,1,0,0,3,0
0,50,0,0,49,19.32,0,2,0,0,0,0,2,0
0,35,0,0,26,31.18,1,2,1,0,0,0,1,0
1,69,1,0,6,28.19,2,2,0,0,0,0,1,0
1,28,1,1,6,32.79,1,0,1,0,0,0,1,1
0,57,0,0,58,46.85,2,3,0,1,0,1,2,0
0,59,1,1,4,56.19,0,2,1,1,0,0,1,1
0,35,1,1,52,85.55,0,3,0,2,0,1,3,1
1,64,1,1,51,88.69,0,1,1,2,0,0,4,1
0,41,0,0,48,64.64,2,2,1,2,0,0,2,0
1,49,1,0,1,56.33,1,3,0,1,0,0,1,0
0,48,0,0,9,37.88,0,1,1,1,0,0,2,0
0,43,0,0,66,59.3,2,1,1,1,1,0,1,0
0,56,0,0,30,18.25,0,2,1,0,0,0,1,0
0,56,1,1,4,18.25,0,0,1,0,0,0,4,1
1,20,0,1,1,96.46,0,2,0,2,0,1,1,1
1,63,0,1,52,77.34,1,0,1,2,1,1,0,0
0,21,0,0,2,20.06,1,0,1,0,0,0,1,1
0,59,1,1,5,31.35,0,2,1,0,0,0,5,1
1,60,1,1,39,58.93,2,0,1,1,1,0,3,0
1,29,0,0,11,29.36,0,3,0,0,0,0,2,1
1,39,1,0,1,53.01,0,3,0,1,0,0,0,1
1,29,1,1,49,38.4,2,2,1,0,0,0,1,1
0,41,1,1,55,47.75,2,3,1,1,0,0,3,0
1,40,0,0,43,75.93,1,3,0,1,0,0,1,1
0,55,1,1,8,54.26,0,1,0,1,0,0,5,1
1,63,1,0,3,18.25,0,3,1,0,0,0,4,1
1,64,1,1,7,60.79,0,0,0,1,0,1,3,1
1,37,0,0,1,89.41,1,1,0,2,0,0,2,1
1,42,1,0,13,42.38,2,2,0,1,0,1,2,0
1,21,1,0,31,72.09,0,2,1,2,0,1,0,1
0,33,1,0,40,84.65,1,0,1,2,1,0,2,0
0,58,0,0,24,89.9,2,1,1,2,1,1,1,0
1,67,0,1,26,50.41,0,2,1,2,1,0,2,1
1,27,1,0,47,99.74,2,1,0,2,1,0,3,0
0,36,1,1,7,78.08,0,2,0,2,0,1,3,1
1,44,0,0,14,18.34,1,2,1,0,0,0,3,0
1,48,1,1,68,66.29,0,1,0,1,0,1,4,0
0,33,0,0,62,84.67,2,0,1,2,1,0,3,0
1,50,1,0,3,102.03,0,2,1,2,1,0,4,1
1,38,1,1,59,91.13,1,2,0,2,1,1,0,0
0,44,1,1,51,84.98,2,0,1,2,0,1,0,0
0,52,1,0,11,82.86,0,1,1,2,1,1,1,1
0,45,0,0,71,91.76,1,1,1,2,1,0,7,0
1,38,1,1,61,79.21,1,0,0,2,0,1,0,0
0,43,0,0,28,44.77,0,2,0,1,1,1,3,1
0,43,1,1,51,93.54,2,2,1,2,1,0,4,0
0,39,1,1,51,82.98,2,2,1,2,0,0,1,0
0,41,1,0,34,85.47,0,3,0,2,1,0,4,1
0,67,0,0,4,100.25,1,0,1,2,1,0,3,1
0,52,1,0,50,53.63,2,1,1,1,1,0,0,0
1,40,0,0,44,25.08,2,2,1,0,0,0,2,0
1,54,0,1,64,76.6,1,2,0,2,0,1,1,0
0,40,1,0,58,91.03,2,2,0,2,1,0,0,0
0,61,0,0,32,59.2,1,2,0,1,0,1,0,0
0,50,1,1,50,29.5,1,2,0,0,0,0,0,0
1,43,0,0,49,76.89,1,0,1,2,1,0,2,0
1,51,0,0,9,78.59,0,2,0,2,0,1,2,1
1,23,1,1,40,96.09,2,2,1,2,1,0,3,0
1,29,1,1,17,88.53,1,3,0,2,1,1,1,0
1,28,0,1,71,44.13,2,2,1,1,1,1,1,0
1,47,1,1,39,70.68,1,2,0,1,1,0,3,0
1,69,1,0,6,18.25,0,2,0,0,0,0,0,0
1,76,1,1,1,95.98,2,3,0,2,1,0,3,0
1,53,0,0,32,18.67,1,3,1,0,0,0,1,0
0,52,1,0,25,111.4,2,2,0,2,0,1,0,0
0,19,1,0,46,36.46,2,2,0,1,1,0,1,0
0,37,1,0,49,68.83,1,0,0,1,0,1,3,0
0,33,0,0,1,83.86,0,2,1,2,0,0,2,1
1,36,1,0,3,23.17,0,2,1,0,0,0,4,1
1,42,1,1,5,87.6,0,2,1,2,1,0,4,1
0,38,1,1,56,28.16,1,0,1,0,0,0,2,0
1,18,0,0,1,20.48,1,2,0,0,0,0,0,0
0,55,1,0,37,45.21,2,1,1,1,0,0,0,0
1,29,1,1,59,28.25,1,2,0,0,0,0,5,0
0,48,0,1,39,61.1,1,1,1,2,0,1,0,0
1,74,0,1,71,47.99,2,2,1,1,0,0,0,0
1,32,1,0,8,40.2,0,1,1,0,0,0,2,1
0,18,0,0,18,20.16,0,0,0,0,0,0,2,1
1,40,1,1,5,101.07,0,2,0,2,1,0,6,1
0,60,1,0,27,76.8,2,0,1,2,1,0,1,0
0,72,1,1,47,61.11,2,2,1,1,1,1,1,0
0,27,0,0,7,62.85,0,3,0,1,0,0,4,1
0,51,0,0,37,100.81,2,3,0,2,1,0,3,0
1,38,1,0,16,82.2,0,1,1,2,1,0,2,1
1,43,0,0,59,78.87,2,3,1,1,1,0,1,0
1,80,1,0,53,76.75,0,1,1,2,0,0,3,0
0,23,0,1,44,88.28,0,3,0,2,0,0,3,1
1,48,0,0,9,88.43,0,3,1,2,0,1,0,1
0,51,0,0,69,69.29,2,0,0,2,1,1,1,0
1,60,1,1,34,81.0,2,1,1,2,1,0,5,0
1,46,1,1,13,25.81,0,1,0,0,0,0,2,1
1,49,0,0,50,78.95,2,3,0,2,0,0,4,1
0,39,0,0,49,84.29,1,1,0,1,0,1,2,0
1,48,0,0,41,73.26,0,2,1,2,0,1,0,0
1,40,1,0,5,30.9,0,2,1,0,0,0,0,0
0,53,0,0,4,65.28,0,3,1,1,1,0,4,1
1,39,1,0,15,84.81,2,3,1,2,0,0,2,0
0,50,1,0,48,72.89,1,1,1,2,1,0,4,1
1,44,1,1,54,21.16,2,2,1,0,0,0,2,0
0,60,0,0,27,48.78,0,3,1,1,1,0,2,0
0,44,1,1,23,18.25,1,3,1,0,0,0,1,0
1,20,0,0,53,70.95,2,0,0,2,0,1,0,0
0,62,0,0,30,64.25,0,1,1,2,1,1,0,0
0,32,1,1,1,31.73,1,1,0,0,0,0,3,1
0,35,1,1,10,93.66,0,1,1,2,1,0,3,1
0,36,0,0,68,96.0,1,0,0,2,0,1,1,0
0,64,0,0,65,62.07,2,2,1,1,1,1,3,0
0,18,1,0,21,87.34,1,2,1,2,1,1,2,0
1,80,0,0,37,72.53,1,2,0,1,0,1,0,0
0,59,1,0,1,76.45,0,2,1,2,1,0,0,1
0,48,1,0,1,56.28,0,0,1,1,0,0,3,1
1,44,0,1,72,63.96,2,3,0,1,1,0,0,0
1,48,0,0,36,39.15,2,3,0,1,0,0,3,0
1,52,0,0,21,40.48,2,2,0,0,0,0,3,0
1,54,1,0,69,85.4,1,3,1,2,0,1,1,1
1,52,1,0,14,56.7,0,0,1,1,0,1,3,1
1,46,0,0,30,70.08,0,3,1,1,0,1,4,1
1,42,1,1,72,97.81,2,0,0,2,1,1,1,0
0,42,1,1,19,55.46,2,1,0,1,1,0,2,0
0,42,0,0,32,56.56,1,1,0,1,0,0,3,0
1,60,1,1,10,63.94,0,2,0,2,1,0,6,1
0,53,0,0,1,77.21,1,1,1,2,1,0,3,1
0,18,0,1,4,27.59,1,2,1,0,0,0,0,1
0,54,0,0,33,60.33,0,1,0,1,1,0,4,0
1,47,0,0,6,102.1,1,3,1,2,0,1,1,0
1,44,0,0,43,53.55,1,2,0,1,1,0,1,0
0,39,0,1,35,38.35,0,0,1,1,0,1,2,0
1,60,1,1,34,30.28,0,1,0,0,0,0,3,0
0,58,1,1,3,32.18,0,3,1,0,0,0,0,0
0,34,1,0,2,97.58,0,1,0,2,0,0,5,1
0,50,0,0,24,82.71,0,2,1,2,1,0,4,1
0,31,0,0,40,99.62,0,2,0,2,0,0,2,1
1,25,0,0,55,118.75,2,1,0,2,0,0,0,0
1,36,1,0,14,56.38,2,1,1,1,1,0,1,0
1,57,1,1,50,18.44,2,2,0,0,0,0,0,0
0,58,0,0,24,76.79,0,0,1,2,1,0,5,1
1,52,0,0,72,62.51,1,1,1,1,0,0,0,0
0,55,1,0,51,35.74,1,0,1,1,1,1,1,0
1,52,0,1,71,87.37,0,1,1,2,0,1,1,0
0,36,0,0,36,90.32,2,1,0,2,0,0,3,1
0,51,1,0,26,32.68,1,3,1,0,0,0,4,0
0,56,1,1,53,103.34,2,2,1,2,0,0,4,1
1,55,0,1,48,97.1,2,3,1,2,1,0,2,0
1,61,0,0,51,18.25,1,0,0,0,0,0,2,0
1,54,1,0,25,97.89,0,0,1,2,1,1,1,0
1,49,0,0,34,63.47,1,3,0,1,1,0,0,0
0,59,0,0,54,58.07,1,2,0,1,1,1,1,0
1,44,0,0,60,60.78,1,0,0,2,0,0,4,0
1,32,0,1,4,74.13,0,1,0,2,1,0,4,1
0,42,0,0,18,41.0,0,2,0,1,0,0,3,0
0,34,1,1,1,18.25,0,3,0,0,0,0,0,0
0,35,0,0,19,24.99,2,0,1,0,0,0,0,0
1,42,0,0,33,73.83,2,2,0,2,0,0,5,1
0,33,1,1,51,38.13,1,2,1,0,0,0,2,0
0,40,1,1,35,52.97,0,3,0,1,0,1,1,0
0,18,1,1,9,31.47,1,3,0,0,0,0,3,0
1,47,1,1,70,36.17,1,1,1,1,0,0,0,0
0,45,0,0,38,22.35,1,2,1,0,0,0,2,0
1,33,1,0,30,86.36,0,2,1,2,1,1,2,1
1,54,0,0,9,20.46,0,2,1,0,0,0,1,1
0,58,1,1,33,49.93,2,3,0,1,0,0,2,0
0,22,1,1,70,81.95,2,3,1,2,1,1,1,0
1,34,1,1,25,81.73,0,0,1,2,1,0,2,1
0,34,1,1,71,34.28,1,0,0,0,0,0,1,0
0,31,0,0,57,26.89,0,3,1,0,0,0,4,0
1,56,1,0,7,91.71,0,1,1,2,0,0,6,1
1,42,1,0,7,61.48,2,0,0,1,1,0,1,0
0,41,1,0,40,93.58,2,1,1,2,1,0,3,1
1,18,0,0,49,54.01,2,3,1,1,1,1,1,0
0,53,1,0,34,51.15,2,0,1,1,1,0,1,0
0,27,0,0,1,57.0,1,2,0,1,1,1,1,1
0,45,0,1,63,101.2,2,0,1,2,0,0,7,0
1,48,0,0,67,100.77,0,0,0,2,0,1,1,0
0,64,0,0,51,23.8,0,1,0,0,0,0,4,0
0,26,1,1,57,64.21,2,0,0,1,1,1,3,0
0,18,0,0,15,24.03,0,3,1,0,0,0,1,1
1,47,1,1,50,55.41,2,3,1,1,1,1,0,0
1,70,0,0,59,78.37,2,2,1,2,1,1,1,0
1,62,0,0,27,52.82,2,1,1,1,0,1,1,0
1,47,0,0,28,103.78,0,2,0,2,1,0,4,1
1,38,0,1,54,86.29,2,0,0,2,1,1,2,0
0,56,0,0,1,86.89,0,1,1,2,1,0,5,1
1,31,0,0,43,64.74,2,2,1,2,1,1,0,0
1,51,1,1,37,23.45,0,2,1,0,0,0,3,0
1,52,0,0,2,52.1,0,0,0,1,1,0,2,1
0,59,0,0,2,45.05,1,1,0,1,0,0,1,1
1,80,0,0,52,25.11,1,3,0,0,0,0,1,0
1,50,1,0,72,49.85,1,1,0,1,1,1,1,0
0,37,1,0,49,55.96,2,3,0,1,1,1,3,0
1,44,1,0,2,86.7,0,3,1,2,0,0,3,1
0,20,0,0,55,43.53,2,2,1,1,0,1,2,0
0,35,0,0,68,79.42,0,1,1,2,1,0,5,0
0,39,1,1,62,86.08,2,3,0,2,1,1,2,0
0,37,0,0,50,101.58,2,0,0,2,1,1,0,0
0,47,0,0,31,26.28,1,1,1,0,0,0,1,0
1,33,0,0,4,47.06,0,3,1,1,1,0,0,1
0,60,0,0,72,59.79,2,1,1,1,1,0,4,0
0,45,0,0,1,75.49,0,0,1,1,1,1,2,0
1,44,1,1,2,66.0,0,2,1,1,1,0,2,0
0,40,0,1,45,92.67,2,2,0,2,1,1,1,0
1,47,1,1,43,63.71,0,0,0,1,0,0,2,1
1,56,0,1,9,72.28,0,1,1,1,0,0,2,1
1,32,0,1,31,100.06,1,1,1,2,0,1,1,0
0,35,1,1,2,27.83,0,1,0,0,0,0,0,1
0,40,0,0,4,67.82,0,2,1,1,0,0,2,0
0,26,1,1,51,69.86,0,2,1,2,1,1,2,1
1,33,1,0,5,18.25,0,2,1,0,0,0,6,1
0,38,0,0,7,87.2,0,0,0,2,1,1,3,1
0,57,1,1,1,55.82,1,0,0,1,1,0,2,0
0,48,0,0,53,77.39,1,1,1,2,0,1,3,0
1,47,1,1,63,64.91,0,1,1,1,0,0,1,0
1,56,0,0,2,32.65,0,0,1,1,0,1,3,1
0,43,1,1,64,77.51,1,1,1,2,1,1,0,0
0,50,0,1,57,22.58,2,0,1,0,0,0,2,0
0,43,1,0,1,35.36,0,2,1,1,1,1,2,1
0,48,1,1,46,72.94,1,3,0,1,0,0,1,0
1,36,1,1,3,38.69,0,2,1,1,0,1,0,1
1,18,1,1,40,47.94,2,0,1,1,0,0,1,0
1,43,1,0,28,97.71,1,3,1,2,1,1,1,1
1,64,1,0,61,94.04,2,3,1,2,0,0,4,0
0,57,0,0,57,69.49,2,0,1,2,1,0,5,0
0,58,0,0,19,63.19,1,2,1,1,1,0,1,0
0,62,0,0,18,26.45,0,3,0,0,0,0,3,1
1,46,0,0,25,117.66,0,2,0,2,0,0,1,1
0,47,0,0,55,90.66,2,1,0,2,1,0,2,0
1,36,1,1,1,53.31,0,2,0,1,1,1,4,1
1,40,0,0,54,44.72,2,2,1,1,1,0,4,0
0,53,1,1,58,46.07,2,1,0,1,1,0,2,0
0,61,0,0,64,45.09,2,3,1,1,1,1,0,0
0,43,0,0,32,104.2,2,2,1,2,1,0,3,0
1,38,1,1,60,25.09,2,1,1,0,0,0,2,0
0,45,1,0,46,92.91,2,2,1,2,0,0,5,0
1,53,1,1,4,32.57,0,2,0,0,0,0,1,1
0,24,1,1,14,26.7,1,0,1,1,1,0,0,0
1,18,0,0,60,102.9,2,1,0,2,0,0,2,0
1,37,1,0,66,55.66,1,3,1,1,0,0,2,0
0,27,0,0,1,27.18,1,2,0,0,0,0,1,1
1,37,0,0,52,73.4,2,0,1,2,1,0,2,0
1,42,0,0,64,74.43,0,0,0,2,0,1,3,1
0,38,0,0,58,91.84,2,2,0,2,0,1,2,0
1,65,0,0,31,83.62,0,2,1,1,0,1,2,0
0,49,1,0,52,30.02,2,1,1,0,0,0,0,0
1,49,1,1,55,102.72,2,2,0,2,1,1,4,0
0,53,0,1,54,52.7,0,0,1,1,1,0,3,0
0,29,0,1,8,76.6,0,0,0,2,1,0,8,1
1,59,0,0,68,45.63,2,2,0,1,1,0,3,0
1,43,0,0,23,49.14,0,0,1,1,1,1,3,0
1,54,1,1,53,56.26,0,3,1,2,1,1,0,0
1,29,0,0,6,46.3,0,0,1,1,1,0,3,1
1,23,1,0,59,22.2,1,2,0,0,0,0,0,0
0,56,0,1,24,24.12,0,1,0,0,0,0,0,1
1,50,1,1,49,56.58,2,1,1,1,1,1,0,0
0,32,0,0,2,26.81,2,2,0,0,0,0,4,1
0,32,1,0,22,54.82,2,2,1,1,1,1,1,0
1,60,0,0,16,48.02,2,2,0,1,0,1,1,0
0,28,1,1,30,57.51,0,2,1,2,0,1,0,0
0,67,0,0,40,48.1,1,2,0,1,1,0,2,0
0,32,0,0,67,71.39,1,2,0,2,1,1,1,0
0,53,1,1,46,27.33,2,2,1,0,0,0,1,0
1,40,1,0,47,97.73,2,2,1,2,0,0,2,0
0,53,1,0,39,29.69,2,3,1,0,0,0,1,0
1,37,1,1,1,95.6,1,3,1,2,1,1,2,1
1,42,1,0,53,83.13,2,1,1,2,0,0,4,0
0,45,0,0,4,77.69,0,2,1,2,0,1,3,1
1,30,0,1,43,46.03,1,0,1,1,0,1,2,0
1,55,0,0,7,36.91,0,1,1,1,1,0,2,0
1,37,1,1,43,98.89,0,1,1,2,0,0,9,1
0,41,0,0,38,82.55,2,3,1,2,0,1,2,0
1,31,0,0,54,67.55,1,2,1,2,0,0,5,1
1,18,1,0,8,45.08,0,2,1,1,1,0,2,1
1,42,1,0,24,72.86,1,0,1,2,0,1,2,1
0,78,0,0,3,25.22,0,2,0,0,0,0,3,1
1,55,0,1,6,67.81,0,3,0,1,1,1,2,1
0,44,0,0,72,23.26,1,1,1,0,0,0,1,0
0,41,0,0,69,27.97,1,0,0,1,1,1,2,0
0,45,0,0,20,82.35,2,1,1,2,0,0,2,0
0,52,1,1,45,82.81,1,2,1,2,0,1,0,0
0,28,1,1,8,81.85,0,2,1,2,1,1,1,0
0,60,1,1,21,76.22,2,2,1,2,0,0,4,0
1,55,0,0,59,57.61,2,2,0,1,0,0,0,0
0,55,1,1,1,85.93,1,1,1,2,1,1,1,0
1,51,0,0,45,54.7,1,2,1,1,0,1,2,0
1,45,0,0,8,90.78,0,0,0,2,1,0,1,1
0,54,1,1,8,78.98,0,1,1,2,1,1,3,0
1,53,0,0,46,78.19,1,2,1,2,1,1,0,0
1,40,0,0,21,71.56,2,3,0,1,1,0,1,0
1,36,1,0,1,92.83,0,3,1,2,1,0,5,1
1,46,0,0,26,64.92,0,2,1,1,0,1,2,0
0,66,1,1,71,69.71,0,1,0,1,0,0,3,0
1,27,0,1,1,92.36,0,0,1,2,0,0,3,1
0,24,1,1,54,66.14,2,0,1,1,1,1,1,0
1,47,0,0,27,62.89,1,3,0,2,0,0,4,1
1,45,0,0,56,57.45,2,3,1,1,1,1,3,0
0,47,1,0,1,52.81,2,3,0,1,1,1,2,0
1,48,0,0,27,108.49,0,0,1,2,1,1,0,1
1,41,0,0,1,66.13,0,2,0,1,1,1,2,1
1,65,0,0,23,47.43,0,2,0,1,1,0,1,0
0,22,0,0,57,59.47,1,2,1,1,0,1,4,0
1,33,0,1,47,57.01,2,2,0,1,0,0,0,0
0,43,0,0,55,91.36,2,2,0,2,1,1,2,0
1,21,1,1,1,19.91,1,1,1,0,0,0,4,0
0,42,0,0,38,90.04,1,0,1,2,1,0,5,0
0,68,1,1,39,81.81,0,0,1,2,0,0,5,1
1,45,0,1,64,26.41,0,0,1,0,0,0,2,0
1,48,0,0,23,74.86,1,1,1,2,0,0,5,1
0,27,1,1,42,76.81,2,0,1,2,0,1,0,0
0,36,0,1,35,30.87,0,1,1,0,0,0,2,0
1,39,1,1,36,42.38,2,2,0,1,0,1,1,0
0,40,0,0,23,43.27,2,3,0,1,1,0,0,0
1,62,1,0,17,84.28,1,3,1,2,1,0,2,1
1,52,1,1,1,74.19,1,1,1,2,0,1,1,1
1,29,1,1,39,44.38,1,0,1,1,1,1,2,0
1,48,1,0,10,86.47,0,0,1,2,0,0,2,1
0,51,1,1,50,63.93,2,3,0,2,1,0,0,0
1,60,0,0,50,70.89,2,2,0,2,0,1,0,0
0,67,0,0,5,113.76,0,0,1,2,1,0,10,1
1,30,1,1,72,60.51,1,3,1,1,1,0,2,0
0,33,0,0,35,74.55,0,1,0,2,0,1,3,1
1,27,0,0,11,90.86,0,3,1,2,0,1,3,1
0,41,1,0,20,92.94,1,1,0,2,0,0,7,1
0,51,0,0,47,66.93,2,1,1,1,0,1,1,0
1,58,1,0,36,24.36,1,2,1,0,0,0,0,0
1,43,1,1,46,66.72,0,3,1,1,0,0,2,0
1,40,1,1,1,30.54,0,3,0,1,1,0,1,1
1,47,1,0,31,70.21,1,2,0,2,1,0,10,1
0,33,0,0,42,56.97,1,1,0,1,1,1,1,0
1,74,0,1,14,89.61,0,1,1,2,0,0,3,1
0,22,0,0,39,72.24,2,3,0,2,1,0,6,1
0,47,0,0,64,88.63,0,2,0,2,0,1,1,1
1,73,1,0,1,21.88,0,3,1,0,0,0,2,0
0,45,1,0,1,81.12,1,2,1,2,0,0,4,1
0,42,0,0,58,99.35,1,2,1,2,1,0,1,0
0,39,0,1,57,97.73,2,1,1,2,1,0,5,0
0,42,1,1,4,43.04,0,2,1,1,0,1,0,0
1,64,0,1,55,42.31,2,3,1,1,1,0,2,0
1,18,1,0,45,22.94,1,2,1,0,0,0,0,0
1,66,0,0,27,54.68,0,2,0,1,1,0,0,0
1,25,1,1,41,21.71,2,1,1,0,0,0,2,0
0,41,1,0,37,67.49,2,0,1,1,1,1,0,0
0,38,1,1,2,89.86,0,3,1,2,0,1,2,1
1,53,1,1,3,59.87,0,1,1,1,1,1,4,1
1,22,0,0,1,39.8,0,3,1,1,0,0,1,1
1,51,0,0,43,101.34,0,2,0,2,1,1,2,1
0,73,1,0,53,18.25,2,3,1,0,0,0,2,0
1,25,0,1,13,96.68,0,3,1,2,0,1,1,1
1,47,1,0,1,29.67,0,2,1,0,0,0,1,0
1,35,1,0,59,22.84,2,3,0,0,0,0,1,0
0,50,1,1,4,31.36,0,0,1,0,0,0,0,1
0,45,1,1,54,84.12,2,2,0,2,0,0,6,0
0,36,1,0,41,55.75,2,2,0,1,0,0,0,0
0,51,1,1,11,89.75,0,1,0,2,0,0,2,1
0,70,0,0,51,93.24,2,2,0,1,1,1,0,0
0,42,0,0,22,31.72,1,2,1,0,0,0,1,0
0,55,0,0,14,94.82,0,3,1,2,1,0,4,1
0,26,1,1,59,20.44,1,1,1,0,0,0,0,0
1,31,0,0,9,87.01,0,2,1,2,0,1,1,1
1,51,1,1,44,20.93,2,1,1,0,0,0,2,0
0,65,0,0,66,64.87,2,2,1,1,0,1,1,0
0,49,1,0,56,86.97,0,2,1,2,0,1,3,0
1,40,0,0,64,69.26,2,2,1,2,0,1,0,0
0,44,1,0,16,55.97,1,1,1,1,1,0,1,0
0,27,1,1,20,73.11,1,0,1,2,0,1,1,0
0,53,0,0,47,25.76,2,0,1,0,0,0,1,0
1,57,0,0,7,72.97,0,0,0,2,0,1,3,1
1,38,1,0,16,85.38,2,2,1,2,0,1,2,0
1,38,1,1,8,28.75,1,3,1,0,0,0,0,0
1,48,0,1,31,54.36,1,0,1,1,0,1,2,0
1,38,1,0,60,23.05,0,0,0,0,0,0,0,0
0,44,1,1,9,57.44,1,2,1,1,0,0,0,0
1,74,1,0,3,28.49,2,2,1,0,0,0,2,0
0,41,0,0,61,69.5,0,0,1,2,0,1,2,0
0,39,0,0,68,88.65,1,1,0,2,0,1,2,0
1,35,1,0,1,31.59,0,1,0,0,0,0,2,0
1,55,1,1,26,61.88,2,1,1,1,0,0,0,0
0,42,1,1,52,85.81,2,1,1,2,0,1,0,0
0,35,0,0,27,93.96,0,1,0,2,1,0,5,1
0,63,0,0,34,60.43,2,2,0,1,1,0,2,0
1,64,0,0,1,64.04,0,2,1,1,0,0,2,1
1,36,0,0,1,30.71,1,0,1,1,1,1,1,0
1,18,0,0,30,36.36,1,2,1,1,1,1,1,0
1,59,0,1,14,30.02,0,2,1,0,0,0,3,1
1,35,1,1,32,36.94,0,3,1,1,0,0,2,1
0,56,0,0,30,27.01,0,1,0,0,0,0,1,1
1,18,1,0,1,50.78,0,2,1,1,1,1,2,1
0,57,1,0,5,43.05,0,2,0,1,0,1,3,1
0,28,1,0,36,59.2,0,1,1,1,0,0,3,0
0,55,0,0,61,26.01,0,3,0,0,0,0,2,0
1,45,1,1,21,114.54,0,2,1,2,1,1,2,1
1,31,1,1,5,76.25,1,2,1,2,0,1,1,1
1,39,1,1,17,32.2,1,0,0,0,0,0,1,0
0,54,1,1,6,59.23,0,1,0,1,0,0,2,1
0,46,1,0,25,75.75,1,2,0,2,0,0,1,0
0,53,1,1,13,29.0,0,1,1,0,0,0,2,1
0,72,0,0,28,61.79,2,2,0,1,0,0,2,0
0,23,1,1,13,55.43,2,1,0,1,1,1,2,0
0,67,0,0,3,88.73,0,2,1,2,0,0,2,1
1,46,1,0,4,76.64,2,2,1,2,1,0,3,0
1,32,0,0,4,73.44,1,0,0,2,0,0,7,1
1,26,0,0,70,64.11,2,2,1,1,1,0,2,0
1,42,1,1,9,81.86,0,1,1,2,1,1,1,0
0,57,1,0,61,83.88,1,1,1,2,0,0,6,0
0,43,0,1,10,88.92,0,0,0,2,0,0,3,1
1,66,0,0,59,26.33,1,1,1,0,0,0,2,0
0,24,1,0,52,18.25,2,1,1,0,0,0,3,0
1,44,0,0,2,103.01,0,3,1,2,1,0,2,1
1,27,1,1,44,56.45,1,1,1,1,0,1,0,0
1,50,0,0,4,23.99,0,0,1,0,0,0,2,1
0,57,1,1,40,27.15,1,0,1,0,0,0,0,0
1,39,1,1,72,88.31,2,0,1,2,0,0,1,0
1,18,0,0,9,95.74,2,2,1,2,1,1,3,0
1,47,0,0,7,61.46,1,0,0,1,1,1,1,0
0,51,0,0,21,95.05,1,2,0,2,1,0,6,1
0,50,1,0,57,103.91,2,1,1,2,0,0,1,0
1,62,1,1,34,97.37,1,3,1,2,0,0,3,1
0,30,1,1,72,53.07,0,1,1,1,1,1,2,0
0,54,0,0,3,19.39,1,2,1,0,0,0,1,1
0,61,0,0,47,75.01,1,2,1,1,1,1,0,0
0,20,0,0,42,52.15,0,1,0,1,0,1,0,0
0,49,0,1,4,49.32,1,3,0,1,0,1,1,1
0,37,1,1,17,18.25,0,2,1,0,0,0,3,1
0,43,1,0,37,89.74,1,1,1,2,1,1,1,0
0,49,1,0,5,56.79,0,2,0,1,0,1,2,1
0,38,0,0,58,18.25,0,3,1,0,0,0,1,0
0,35,1,0,7,60.44,0,2,0,1,0,1,0,1
1,45,1,0,60,49.02,0,3,0,1,0,0,6,1
1,29,1,0,44,87.28,2,0,0,1,0,0,1,0
0,29,1,1,55,77.03,2,2,1,2,1,1,3,0
1,54,0,1,19,49.78,0,3,0,1,0,1,1,0
1,28,0,0,5,72.75,1,1,0,2,0,1,1,0
0,54,1,1,50,102.89,1,3,1,2,0,0,1,0
0,51,0,0,36,23.14,1,0,1,0,0,0,0,0
0,20,0,0,4,74.85,0,3,0,2,1,1,2,1
1,35,1,1,51,94.9,2,2,1,2,1,0,4,1
1,61,1,0,48,18.25,1,0,0,0,0,0,4,0
0,31,1,0,1,62.5,0,3,1,1,1,1,2,0
0,38,0,0,52,109.94,2,1,1,2,0,1,1,0
0,51,0,0,29,61.8,1,0,1,1,1,1,1,0
1,55,1,1,49,62.65,2,0,0,1,1,0,3,0
1,41,1,1,61,97.18,2,2,1,2,1,0,2,0
1,36,1,1,66,33.55,1,3,1,0,0,0,1,0
1,64,1,0,45,31.05,1,0,0,0,0,0,1,0
0,69,1,0,4,91.16,1,2,0,2,1,0,4,1
0,58,1,1,38,97.65,2,0,1,2,1,0,4,0
0,46,0,0,23,44.37,0,2,1,1,0,1,0,1
0,33,1,1,72,64.32,1,0,0,1,0,0,0,0
1,33,1,0,22,70.92,1,1,1,2,1,1,1,0
1,52,1,1,38,79.86,1,0,0,2,0,0,2,0
0,50,1,0,21,18.25,0,2,0,1,0,0,2,1
0,64,1,1,28,27.01,2,3,1,0,0,0,1,0
1,54,0,0,53,47.27,2,2,0,1,1,1,1,0
0,23,1,1,2,100.56,0,0,1,2,0,1,2,1
1,59,0,0,50,90.46,2,2,0,2,1,0,5,0
0,31,1,1,44,100.74,2,3,1,2,1,0,2,0
0,39,0,0,18,69.83,0,0,1,2,1,0,5,1
0,48,0,0,1,99.54,0,0,1,2,1,1,1,1
0,72,0,0,4,80.27,0,0,0,1,0,0,2,1
0,80,1,1,56,95.7,2,2,1,2,0,0,5,0
0,53,0,0,40,96.06,0,2,0,2,1,1,1,0
0,42,0,0,47,57.04,2,2,1,1,1,1,1,0
1,52,1,0,6,22.38,0,1,1,0,0,0,0,1
1,57,0,0,27,95.66,0,1,0,2,0,0,3,1
1,40,1,0,47,36.93,1,3,1,1,0,0,2,0
1,70,1,1,3,49.99,0,1,0,1,0,0,1,1
1,48,1,0,55,60.21,2,3,0,2,0,1,1,0
0,51,0,0,48,75.15,2,2,0,2,0,0,5,1
0,54,1,1,72,28.21,1,0,1,0,0,0,3,0
1,50,0,0,62,92.08,2,2,1,2,1,1,1,0
0,56,0,1,28,55.61,2,3,0,1,0,1,0,0
1,36,0,0,55,25.85,1,1,1,0,0,0,2,0
1,37,1,1,16,32.37,1,3,0,1,0,0,0,0
0,29,0,0,8,79.78,0,1,0,2,0,1,4,1
0,51,1,1,50,75.46,2,2,1,2,0,1,3,0
0,55,1,1,51,75.77,0,3,1,2,0,1,0,0
1,51,1,0,28,93.39,1,3,0,2,0,0,4,0
0,68,0,1,60,20.7,0,2,0,0,0,0,1,0
1,44,1,1,12,21.98,2,2,1,0,0,0,0,0
1,54,1,1,38,29.96,2,0,0,1,0,1,1,0
1,29,1,0,62,51.47,1,1,0,1,1,1,2,0
0,39,0,0,12,69.77,0,1,1,2,0,1,2,1
0,54,1,0,61,86.11,1,0,1,2,0,0,8,1
1,56,0,0,52,71.68,2,1,1,2,0,0,5,0
0,40,0,0,55,56.25,1,1,1,1,0,0,2,0
0,43,0,0,9,53.26,0,3,0,1,1,0,4,1
0,23,1,1,27,75.06,0,2,1,1,0,1,4,1
1,40,0,0,57,60.97,0,1,0,1,0,0,2,0
1,57,0,0,60,59.25,0,3,1,2,1,1,2,0
0,53,1,1,10,39.82,0,0,1,1,1,1,2,0
1,52,1,0,34,55.66,2,2,1,1,0,0,1,0
0,45,0,0,57,43.84,2,2,1,1,0,0,2,0
0,45,1,1,1,18.25,0,0,1,0,0,0,1,0
0,35,0,1,48,71.19,2,2,0,1,0,0,0,0
0,54,0,1,25,63.64,0,0,1,1,1,0,1,1
1,50,0,0,36,27.6,2,0,1,0,0,0,1,0
1,51,1,0,28,47.71,0,0,1,1,1,0,1,1
1,37,0,1,63,60.13,2,3,0,1,0,0,4,0
0,18,0,0,63,46.55,2,2,0,1,1,1,1,0
0,60,0,0,31,26.02,0,2,0,0,0,0,1,0
0,38,1,0,32,43.95,2,2,0,1,0,0,3,0
1,32,0,1,23,106.23,0,1,1,2,0,1,2,1
0,54,0,0,49,63.02,1,2,0,2,1,1,0,0
1,39,0,0,55,102.25,0,1,0,2,0,1,1,1
1,59,0,1,10,55.47,0,0,1,1,1,1,2,0
1,53,1,1,56,49.13,0,2,1,1,1,0,3,0
1,54,1,0,8,87.34,0,0,1,2,1,0,4,1
1,25,0,0,38,63.8,1,0,1,1,0,0,2,0
1,61,0,0,2,104.13,0,3,0,2,1,0,3,1
0,48,0,1,37,58.76,2,2,0,1,0,0,0,0
0,39,0,1,37,44.31,2,2,0,1,1,0,2,0
1,47,0,0,40,85.78,1,1,1,2,1,0,4,0
1,20,1,0,58,34.08,0,1,0,0,0,0,6,0
0,50,1,1,5,71.17,0,2,1,1,0,1,0,1
1,30,1,0,61,65.91,2,2,0,1,0,1,0,0
1,26,1,0,51,64.55,2,2,1,1,0,0,1,0
0,23,1,1,26,63.39,1,3,1,1,0,0,1,0
1,60,1,1,9,101.22,0,3,1,2,0,0,2,1
1,36,0,0,45,78.61,1,1,1,2,0,0,4,1
1,66,1,0,30,66.03,0,3,1,2,0,1,3,1
0,37,0,0,2,55.83,2,2,1,1,0,1,2,0
0,21,1,1,15,73.55,2,2,1,2,1,0,4,0
0,29,1,0,53,70.23,0,0,1,2,0,1,2,0
1,62,0,0,65,46.36,2,2,1,1,0,0,1,0
1,42,0,0,20,118.75,0,3,0,2,0,0,3,1
0,37,1,1,56,86.91,1,3,1,2,0,0,3,0
1,47,0,0,43,90.07,2,3,0,2,1,1,2,0
1,52,1,0,9,18.89,0,0,0,0,0,0,5,1
1,60,1,1,14,32.87,0,1,1,1,1,0,3,0
1,65,1,1,32,73.53,0,1,0,2,0,0,3,1
1,39,1,1,67,72.26,2,1,0,1,0,0,0,0
0,26,0,0,23,89.68,1,2,0,2,0,0,5,1
1,39,0,0,29,93.38,1,1,1,2,1,1,1,0
0,48,1,0,48,95.34,1,2,1,2,1,0,2,0
1,31,1,1,48,47.9,1,1,1,1,1,0,3,0
0,31,1,1,39,104.43,2,1,1,2,1,1,0,0
1,49,0,0,15,21.84,1,0,1,0,0,0,1,0
0,44,0,0,53,104.69,1,3,0,2,0,1,3,0
1,45,1,1,70,91.19,2,0,0,2,0,0,6,0
0,34,0,0,3,18.25,1,0,1,0,0,0,3,0
1,41,1,0,26,74.53,0,3,0,2,1,1,1,0
0,32,0,0,55,33.58,0,3,0,1,1,0,5,1
1,57,1,0,26,30.82,1,2,1,0,0,0,1,0
0,59,1,1,6,54.7,0,0,1,1,0,1,1,1
0,19,1,0,24,18.25,1,1,0,0,0,0,3,0
1,31,0,1,1,59.51,1,3,1,1,0,1,1,0
1,24,1,0,13,48.55,0,3,1,1,1,1,2,0
0,35,1,1,9,64.23,0,2,1,2,1,1,6,1
1,43,0,0,3,108.49,2,1,1,2,0,0,4,1
0,24,1,0,50,86.5,1,0,0,2,1,0,5,0
0,32,1,0,33,23.53,1,0,1,0,0,0,3,0
0,30,1,1,20,79.41,1,2,1,2,1,1,2,0
1,47,1,1,7,63.81,0,0,1,2,1,0,6,1
0,45,0,0,5,18.48,0,3,1,0,0,0,1,0
0,34,0,0,4,102.99,1,0,1,2,1,1,4,1
1,47,0,1,54,22.63,2,2,1,0,0,0,0,0
1,37,1,0,25,85.31,1,0,0,2,0,0,4,0
1,41,1,0,53,30.47,1,2,1,1,0,0,0,0
1,68,1,1,4,39.18,0,0,1,1,0,1,2,0
0,63,0,0,35,93.54,0,2,1,2,0,0,7,1
0,26,0,0,7,59.53,0,2,1,1,1,0,0,1
0,56,1,1,57,33.77,1,0,0,0,0,0,2,0
0,56,0,0,1,103.8,2,3,0,2,0,1,1,1
1,28,0,0,43,81.77,2,2,1,2,1,0,4,1
0,56,1,0,28,91.62,1,3,0,2,0,1,2,0
0,66,0,0,53,51.2,2,3,0,1,0,0,4,0
1,29,0,0,49,35.27,0,3,1,0,0,0,2,1
0,32,0,0,67,101.09,2,0,1,2,0,1,1,0
0,59,0,0,48,25.85,1,0,1,0,0,0,1,0
0,48,1,1,34,26.0,0,3,1,0,0,0,3,0
0,52,0,0,43,72.34,1,2,1,1,1,0,2,0
0,49,0,0,5,27.9,1,1,1,0,0,0,0,0
0,50,0,0,36,32.79,2,2,0,0,0,0,3,0
1,26,1,1,61,28.68,0,1,0,1,0,1,5,0
1,59,0,0,71,27.31,2,2,1,0,0,0,0,0
0,61,1,0,26,22.42,0,3,1,0,0,0,1,0
0,41,0,0,9,33.78,0,3,0,0,0,0,1,1
1,44,0,0,18,32.73,2,1,0,0,0,0,1,0
0,23,0,1,20,85.46,2,1,1,2,0,0,4,0
0,52,1,1,41,106.5,2,1,1,2,0,1,2,0
0,53,1,0,1,76.4,0,2,1,1,1,0,2,1
1,44,0,0,43,55.89,2,0,1,1,1,0,1,0
0,60,1,1,2,37.36,1,2,1,0,0,0,1,0
1,40,1,1,66,24.84,2,2,1,0,0,0,4,0
0,52,0,0,53,52.43,2,2,0,1,0,1,5,1
1,30,1,1,57,65.39,2,3,1,1,0,0,3,0
1,44,0,0,9,80.05,2,2,1,2,0,1,0,1
0,42,1,0,6,86.19,0,1,0,2,1,0,3,1
1,48,1,1,58,71.91,2,2,0,1,1,0,2,0
0,39,1,0,31,25.1,1,3,1,0,0,0,1,1
1,43,1,0,61,61.27,1,1,1,2,0,0,4,0
0,56,0,0,41,59.41,2,2,1,1,1,1,3,1
0,38,1,1,1,75.25,0,0,0,2,0,0,5,1
1,22,0,0,8,65.38,0,1,1,1,1,1,2,1
0,69,0,0,6,94.75,1,3,1,2,0,0,3,1
0,64,1,1,4,105.6,0,3,0,2,1,0,3,1
1,26,1,1,69,97.71,1,2,1,2,0,1,1,0
0,54,1,1,65,68.08,2,2,0,1,1,1,1,0
0,37,0,0,17,46.97,1,3,1,1,1,1,1,0
1,48,1,1,7,64.65,0,3,1,1,0,0,1,0
1,49,1,1,54,112.56,1,2,1,2,1,1,2,0
0,41,0,0,60,46.74,2,2,1,1,0,0,1,0
0,34,0,0,43,34.0,2,1,1,0,0,0,0,0
1,35,0,0,6,48.41,1,0,1,1,0,1,2,0
1,32,0,0,4,20.74,0,1,1,0,0,0,6,1
0,33,1,1,9,58.55,1,3,0,1,1,0,1,0
1,44,1,1,50,95.02,2,3,1,2,1,1,1,1
0,34,1,1,6,65.94,0,3,0,1,1,0,1,1
0,54,1,0,42,20.19,2,0,0,0,0,0,0,0
0,65,0,0,44,91.08,2,2,0,2,1,1,1,0
0,36,1,1,54,75.4,2,0,0,2,1,0,7,0
0,48,0,0,50,64.16,0,0,1,2,0,1,1,0
1,51,1,1,3,43.86,0,3,1,1,0,0,1,1
1,51,0,0,4,74.49,0,2,0,2,1,0,6,1
1,46,1,1,50,61.26,1,2,1,1,1,1,2,0
1,55,0,0,57,30.76,2,0,1,0,0,0,0,0
0,51,0,0,18,18.25,0,1,1,0,0,0,1,1
0,27,1,1,6,59.22,1,2,0,1,0,1,2,0
0,57,0,1,5,19.12,0,0,0,0,0,0,1,1
0,57,1,0,64,93.81,1,1,0,2,1,0,0,0
1,34,0,0,68,21.89,2,0,0,0,0,0,1,0
0,45,1,0,23,42.38,0,2,1,1,0,1,4,1
0,54,0,0,71,64.6,2,3,1,1,0,1,3,0
1,42,0,0,53,47.96,0,3,0,1,0,1,0,0
1,60,0,0,37,80.58,1,3,0,2,1,0,6,1
1,78,0,0,56,18.25,2,3,0,0,0,0,1,0
1,33,0,1,13,98.25,1,3,1,2,1,1,2,1
0,25,0,0,1,64.85,0,2,0,1,1,1,3,1
0,49,0,0,2,85.08,0,2,1,2,0,0,2,1
1,55,0,0,31,63.61,1,1,1,2,0,1,1,0
0,41,1,0,55,101.93,2,3,0,2,1,0,2,1
0,65,1,1,1,75.67,1,0,1,2,1,1,4,0
0,26,0,0,33,78.65,0,0,1,2,1,0,4,0
1,54,1,1,31,82.74,2,3,1,1,0,0,1,0
0,36,1,1,6,46.56,0,0,1,1,1,1,1,1
1,69,0,0,2,95.39,0,3,1,2,1,0,3,1
0,72,1,1,64,92.87,2,2,0,2,0,0,5,0
0,34,0,0,3,26.95,0,1,0,0,0,0,1,1
0,37,1,1,57,58.38,0,2,1,1,1,1,1,0
1,57,0,0,45,90.27,1,3,1,2,1,0,2,0
0,39,1,0,72,58.26,1,1,0,1,1,0,3,0
1,44,1,0,1,54.38,1,2,1,1,1,0,2,1
1,45,0,0,55,73.14,2,3,1,1,1,0,4,0
1,18,0,0,26,66.62,0,1,0,2,0,0,3,1
0,44,1,0,23,99.3,1,0,1,2,0,0,6,1
0,35,0,0,50,64.87,2,0,1,1,0,0,2,0
0,38,1,1,1,28.49,1,0,1,0,0,0,3,0
0,65,1,1,1,30.58,0,0,1,0,0,0,1,0
1,27,1,1,1,24.54,2,2,0,0,0,0,0,0
1,56,1,1,34,32.57,1,1,1,1,1,1,2,0
1,41,1,0,22,54.13,0,3,1,1,1,0,1,1
0,41,1,0,72,20.04,0,1,1,0,0,0,3,0
1,56,0,0,39,74.75,0,2,0,2,1,1,2,1
0,49,0,0,45,67.61,2,2,1,2,0,1,1,0
1,52,0,0,22,49.27,0,3,1,1,1,0,1,1
0,58,1,0,29,47.84,1,2,0,1,1,0,0,0
0,40,1,1,53,51.71,0,1,1,2,1,0,3,1
1,36,0,0,49,63.4,2,3,1,1,1,0,2,0
1,29,1,1,47,116.08,1,1,0,2,1,1,0,0
1,33,1,0,20,62.27,2,0,1,1,1,1,2,0
1,80,0,1,54,82.16,2,2,0,2,1,1,2,0
0,62,1,1,54,84.23,0,3,0,2,0,1,1,0
1,26,0,0,72,79.11,1,0,0,2,1,1,1,0
1,26,1,1,54,86.26,0,2,0,2,1,1,1,0
1,51,0,0,52,84.48,2,2,0,2,0,1,3,0
0,52,1,1,43,73.23,2,3,1,2,0,0,4,0
0,52,1,0,3,75.19,0,1,0,1,1,0,1,1
1,41,0,1,58,37.15,0,1,1,1,1,0,2,0
0,43,1,0,40,95.06,1,2,1,2,0,0,5,1
1,49,1,1,57,83.58,2,1,1,2,1,1,2,0
0,46,0,0,2,34.5,0,2,1,0,0,0,0,1
0,18,0,0,3,26.7,1,2,1,0,0,0,1,1
0,41,1,1,34,79.96,0,2,1,2,0,0,6,1
0,33,0,0,53,52.03,0,3,0,1,0,0,3,1
1,47,0,0,55,55.48,2,3,1,1,0,0,1,0
1,80,0,0,7,69.0,0,1,1,2,1,0,6,1
1,50,0,0,39,74.26,2,3,0,2,1,0,2,0
0,40,1,1,44,18.25,1,0,1,0,0,0,0,0
1,57,0,0,4,20.39,0,2,1,0,0,0,2,1
1,51,0,0,27,25.47,1,2,0,0,0,0,2,0
1,50,0,0,43,58.6,2,3,1,1,1,1,3,0
0,53,0,1,50,57.29,2,2,1,2,0,0,3,0
0,73,1,0,44,53.35,0,3,1,1,1,1,2,0
0,29,0,0,37,27.82,0,3,1,0,0,0,3,1
1,51,1,0,31,24.19,1,2,1,0,0,0,1,0
1,32,1,1,36,21.83,2,2,0,0,0,0,0,0
1,52,0,1,36,79.23,2,0,1,2,1,0,0,0
0,32,1,0,72,48.51,0,0,0,1,1,1,1,0
0,39,0,0,6,76.09,2,3,1,2,0,0,2,0
1,40,1,1,61,87.43,2,2,0,2,0,0,3,0
0,58,1,1,6,82.69,1,2,0,1,0,0,0,1
0,57,0,0,67,74.59,2,1,1,2,0,1,3,0
0,27,0,0,1,23.41,0,0,1,0,0,0,4,1
0,45,1,0,21,84.28,2,1,0,2,1,0,2,0
1,35,0,0,1,46.75,0,2,1,1,0,1,3,1
0,27,0,1,62,100.38,2,0,1,2,0,1,1,0
0,41,0,1,42,18.25,2,0,0,0,0,0,1,0
0,40,0,0,32,77.57,1,2,0,2,0,1,0,0
0,78,1,1,10,29.09,0,2,1,0,0,0,1,0
1,51,0,0,54,80.88,0,1,1,2,1,1,1,0
1,25,0,0,72,45.15,0,2,0,1,1,1,0,0
0,37,1,1,47,91.17,1,3,1,2,0,0,4,0
0,59,0,0,64,65.88,0,2,1,1,0,1,1,0
0,74,0,0,20,57.53,0,3,0,1,0,0,1,1
0,22,1,1,59,73.78,1,3,0,2,1,1,3,0
0,18,0,0,72,91.39,1,0,0,2,1,1,1,0
0,71,1,1,11,22.99,0,0,1,0,0,0,2,0
1,50,1,0,8,95.43,0,2,0,2,0,1,3,1
0,32,0,1,29,105.77,0,2,0,2,0,0,5,1
1,52,1,0,72,48.52,2,1,1,2,1,0,7,0
1,18,0,0,3,56.33,0,1,0,1,0,1,2,1
0,45,0,0,55,34.17,1,2,1,1,0,0,0,0
1,49,1,0,67,118.75,2,0,0,2,0,1,0,0
1,57,1,1,47,49.38,2,3,1,1,1,1,0,0
1,30,0,0,7,63.96,0,1,0,1,1,1,2,1
1,46,1,1,10,24.82,0,3,0,0,0,0,0,0
1,32,1,1,35,20.98,2,0,1,0,0,0,1,0
1,48,1,1,24,72.09,2,1,1,2,0,0,1,0
0,32,1,1,35,107.2,1,1,1,2,1,0,0,0
1,39,0,0,47,98.38,2,3,1,2,0,1,0,0
1,31,0,1,17,34.72,0,0,1,0,0,0,2,1
1,54,1,0,5,55.67,0,2,1,1,1,0,1,1
0,57,0,0,56,58.46,2,3,1,1,0,0,0,0
1,41,1,0,21,51.79,1,2,1,1,0,1,1,0
0,45,0,0,55,80.98,2,1,1,2,1,0,3,0
1,24,0,0,58,70.41,1,3,1,2,1,1,1,0
0,40,0,0,44,25.42,2,3,0,0,0,0,1,0
0,44,1,0,50,73.95,2,1,0,2,1,0,4,0
1,80,0,1,60,60.3,0,2,0,1,0,0,2,1
1,29,1,1,5,87.38,0,3,1,2,1,0,5,1
0,65,0,0,22,26.44,0,3,1,0,0,0,1,1
1,58,0,0,53,108.45,0,2,1,2,0,0,9,1
0,48,0,0,3,54.55,1,3,0,1,0,0,6,0
0,69,1,0,1,64.08,0,1,0,1,1,1,3,1
0,50,0,0,24,35.26,2,1,1,0,0,0,1,1
0,50,0,0,14,31.53,0,0,1,0,0,0,2,1
0,44,0,0,25,30.77,0,0,0,0,0,0,1,0
1,62,0,0,68,51.32,2,2,1,1,1,1,1,0
0,60,1,1,58,26.15,1,2,1,0,0,0,3,0
0,36,1,1,70,66.54,2,1,0,2,1,1,1,0
1,26,0,1,70,27.49,2,1,1,0,0,0,0,0
0,42,1,1,37,88.84,2,1,1,2,1,1,2,0
1,33,1,0,15,25.12,2,3,1,0,0,0,5,0
1,44,0,0,44,99.38,2,3,0,2,1,1,3,0
1,62,1,0,52,68.09,1,1,0,2,1,1,1,0
0,38,1,1,3,74.62,1,3,0,1,1,1,0,0
0,44,0,0,12,97.62,0,1,0,2,1,1,2,1
0,45,0,0,53,24.65,2,2,1,0,0,0,0,0
1,56,1,1,24,82.92,2,3,0,2,1,0,4,0
0,18,1,1,23,60.77,1,1,1,1,0,1,0,0
1,36,0,0,5,32.6,1,2,0,0,0,0,2,1
0,47,0,0,1,56.22,0,1,1,1,0,0,3,1
1,61,0,0,51,25.72,2,1,1,0,0,0,1,0
0,38,1,0,31,55.22,2,2,1,1,0,1,4,0
0,18,1,1,38,109.95,1,3,0,2,0,0,5,1
0,53,1,1,48,50.57,0,2,0,1,1,1,4,0
1,36,0,0,2,54.65,0,3,0,1,0,0,3,1
1,28,1,1,56,32.32,2,3,0,0,0,0,2,0
0,36,1,1,16,56.76,0,1,0,1,0,1,2,0
0,42,0,0,25,30.69,0,1,0,0,0,0,2,0
1,36,0,0,46,72.24,1,2,1,2,1,0,5,1
1,18,1,0,72,23.97,2,2,1,0,0,0,0,0
1,57,1,1,30,105.78,1,0,0,2,0,0,2,0
0,62,1,0,10,46.88,0,3,1,1,1,0,3,0
1,54,1,0,18,53.18,0,2,0,1,0,1,1,1
0,29,0,0,2,88.59,0,1,1,2,0,0,6,1
1,42,1,1,57,43.13,0,2,1,1,1,1,4,0
0,44,1,0,63,50.03,0,0,1,1,0,1,2,0
1,53,1,1,31,86.58,2,2,0,2,0,0,3,0
1,54,1,1,34,55.56,2,3,0,1,0,0,0,0
1,34,1,1,48,70.36,0,3,0,1,0,0,0,1
1,46,0,0,4,73.5,0,1,1,1,0,1,6,0
1,51,1,1,3,73.01,0,2,1,2,0,0,3,1
0,65,0,0,2,25.56,0,2,1,0,0,0,3,1
1,54,0,0,22,63.09,0,1,1,1,1,0,3,0
1,56,0,0,49,32.58,1,0,1,0,0,0,2,0
1,46,0,1,54,28.59,1,2,1,0,0,0,1,0
0,64,1,0,64,89.07,2,2,1,2,1,0,4,0
1,50,1,1,6,94.33,1,0,0,2,0,0,3,1
0,32,1,1,39,94.43,2,0,1,2,1,0,3,0
1,64,1,1,10,20.36,0,0,0,0,0,0,3,1
1,54,0,0,35,57.31,2,1,0,1,0,0,1,0
0,38,1,0,56,105.43,2,2,0,2,1,0,3,0
1,38,0,1,24,23.96,0,1,1,0,0,0,2,1
0,49,0,0,1,86.81,0,1,1,2,0,0,4,1
0,51,1,1,24,81.6,1,3,0,2,0,1,0,0
1,47,0,0,71,52.61,0,0,1,2,0,1,1,0
0,49,0,0,2,25.1,0,2,1,0,0,0,2,1
1,68,1,0,70,26.51,2,3,1,0,0,0,2,0
1,60,1,1,69,77.83,2,2,1,2,1,0,5,0
0,47,0,1,18,68.84,0,2,1,2,0,1,0,0
0,58,1,0,37,72.67,2,1,1,2,0,1,5,0
0,30,1,1,47,28.82,2,0,0,0,0,0,2,0
0,50,1,1,46,112.62,1,2,0,2,1,0,3,0
1,70,0,0,44,104.35,2,2,1,2,1,1,2,0
1,41,1,1,1,18.28,0,0,0,0,0,0,3,0
0,33,1,0,51,65.26,0,2,0,1,0,0,2,0
1,35,1,1,48,75.72,2,3,1,2,1,1,1,0
1,29,1,1,65,22.09,0,0,0,0,0,0,3,0
1,34,0,1,47,49.46,0,2,0,1,1,1,1,0
1,39,0,0,72,94.88,0,2,1,2,0,1,1,0
0,25,0,0,72,66.51,2,3,1,1,0,1,4,0
0,45,0,0,17,83.63,1,3,1,2,0,1,2,0
1,57,1,1,1,54.03,0,2,1,1,0,1,1,1
0,32,0,1,17,60.57,1,1,1,1,1,0,1,0
0,66,1,0,60,92.95,0,0,0,2,0,0,2,1
0,52,1,0,2,101.47,0,1,0,2,1,0,8,1
1,59,0,0,2,18.58,0,2,0,0,0,0,1,0
1,35,0,0,48,85.28,2,2,1,2,1,0,4,0
1,56,1,1,39,19.66,2,3,1,0,0,0,3,0
0,29,1,0,32,24.75,2,2,1,0,0,0,1,0
1,57,0,0,30,52.29,0,2,1,1,0,0,2,1
1,47,0,0,28,54.44,2,2,0,1,1,0,2,0
0,52,1,0,58,73.8,0,0,1,2,1,0,4,0
1,28,1,1,35,64.18,2,2,1,2,0,0,5,0
1,32,0,0,1,55.68,0,2,1,2,0,1,2,1
0,53,1,1,51,83.16,1,3,1,2,1,1,1,0
0,31,0,0,30,49.83,0,1,1,1,0,1,1,0
0,51,0,0,17,75.54,0,3,1,2,1,1,0,1
1,25,0,0,1,103.52,1,2,1,2,1,1,1,0
1,56,0,0,26,72.97,2,1,0,2,1,0,2,0
1,27,0,0,56,104.84,2,0,0,2,1,1,4,0
0,52,1,1,7,107.73,1,0,0,2,1,0,4,1
0,53,0,0,1,18.25,1,2,0,0,0,0,1,1
1,35,0,0,7,86.29,0,0,1,2,0,1,2,1
1,53,0,0,31,79.4,0,2,1,2,1,1,0,1
0,48,1,1,18,44.23,0,3,1,2,0,1,0,1
0,37,0,0,26,18.25,0,2,1,0,0,0,3,0
0,30,0,0,36,64.3,1,2,1,1,1,0,0,0
0,18,1,1,54,113.27,0,0,0,2,0,1,2,0
1,49,1,1,49,65.83,0,2,1,1,0,0,5,1
0,23,0,0,29,89.53,0,1,1,2,1,0,4,1
1,46,1,0,3,54.74,2,3,1,1,1,1,3,0
1,41,1,0,36,75.19,0,0,1,1,1,0,0,1
1,54,1,1,31,80.78,1,2,0,1,0,0,1,0
0,40,0,0,19,47.96,1,2,1,1,1,1,0,0
0,40,1,1,35,31.0,1,2,1,1,0,0,1,0
0,55,0,0,69,29.82,0,3,1,1,0,1,2,0
0,49,1,1,32,70.86,0,1,1,1,1,1,1,0
1,49,1,0,64,24.76,0,1,1,0,0,0,3,1
0,51,0,0,64,25.92,1,3,0,0,0,0,0,0
0,23,1,1,16,18.25,0,2,0,0,0,0,5,1
1,55,0,0,4,74.46,0,1,0,2,0,1,0,1
0,53,1,1,48,80.86,2,0,0,2,1,1,5,0
1,30,0,0,21,26.04,1,2,1,0,0,0,0,0
1,41,0,1,8,23.01,0,3,0,0,0,0,0,0
1,44,0,1,1,70.48,0,2,1,2,0,1,2,1
1,43,1,0,1,45.59,1,3,1,1,0,0,0,0
1,49,0,0,3,101.92,0,2,0,2,1,0,4,1
1,65,0,0,63,88.43,2,1,1,2,1,0,4,0
1,60,0,0,29,62.35,2,0,1,1,1,1,1,0
1,26,1,1,2,44.21,0,2,1,1,0,1,1,0
0,53,1,0,34,19.55,0,2,1,1,0,1,1,1
0,63,0,1,24,22.38,1,3,0,0,0,0,3,0
0,50,0,0,47,20.67,0,2,1,0,0,0,4,1
0,60,0,0,3,26.75,0,3,1,0,0,0,3,1
1,73,0,0,1,118.75,0,2,1,2,1,1,1,1
0,59,0,0,71,63.34,0,1,1,1,1,0,3,0
1,48,1,0,69,38.68,2,1,0,0,0,0,0,0
0,59,0,0,51,92.96,2,2,0,2,0,1,3,0
0,47,0,0,30,47.44,0,3,1,1,1,0,1,1
0,45,0,0,47,59.17,2,0,1,1,0,1,2,0
1,40,1,1,29,33.9,2,3,1,0,0,0,1,0
0,66,1,1,35,76.95,2,3,0,1,1,0,0,0
1,33,1,1,1,76.95,1,2,0,2,0,0,4,1
1,66,0,0,2,26.27,0,1,0,0,0,0,0,1
0,51,0,0,4,37.85,0,1,0,1,1,1,2,1
0,25,0,0,3,64.9,0,1,1,1,0,1,6,1
0,50,0,0,48,73.64,2,0,1,1,1,1,2,0
1,18,1,1,7,55.48,1,2,0,1,1,0,0,0
0,53,1,0,2,75.66,2,0,0,2,0,0,1,1
1,57,1,0,18,90.04,1,2,0,2,1,1,2,0
1,36,1,0,16,27.09,0,1,1,0,0,0,2,1
0,46,0,0,46,55.97,0,0,1,1,1,0,2,0
0,72,1,0,38,87.5,0,2,1,2,1,1,5,1
1,37,0,1,10,52.91,0,3,1,1,1,1,3,1
1,30,0,0,36,66.95,2,2,0,1,0,1,0,0
1,65,1,1,64,28.68,2,2,0,0,0,0,1,0
0,72,0,0,64,43.2,2,2,1,1,0,0,1,1
1,45,0,0,11,42.87,2,2,1,1,0,0,1,0
0,59,0,0,7,81.44,0,3,1,2,1,1,0,1
1,63,1,1,43,95.32,2,0,1,2,0,0,3,0
1,34,1,0,52,25.74,0,3,1,0,0,0,3,1
0,38,0,0,5,21.78,1,1,0,0,0,0,0,0
1,62,1,1,54,88.66,2,3,1,2,1,0,3,0
0,68,0,1,4,51.03,0,1,1,1,0,1,2,1
0,52,0,0,19,97.33,0,3,0,2,0,0,2,0
1,32,1,1,10,26.67,2,3,1,0,0,0,1,0
0,72,1,1,32,51.22,0,0,1,1,1,0,2,0
0,37,1,0,1,57.78,0,3,0,1,1,1,2,0
1,40,0,0,2,103.41,0,0,1,2,1,1,2,0
0,49,1,0,11,22.15,0,0,0,0,0,0,0,0
0,66,1,0,17,59.83,2,2,0,1,1,0,2,1
0,56,1,0,72,54.15,1,3,0,1,1,1,3,0
1,50,0,1,67,90.98,1,2,0,2,1,0,3,0
0,51,1,1,34,75.84,2,2,0,2,1,1,1,0
1,45,1,1,43,86.54,2,2,0,2,1,0,6,0
1,52,0,0,4,100.51,1,3,1,2,1,1,0,1
0,18,0,0,72,20.31,1,3,0,0,0,0,3,0
0,40,0,1,39,18.35,1,1,1,0,0,0,1,0
0,48,1,1,22,18.54,1,1,0,0,0,0,0,0
1,28,1,0,5,40.95,1,0,1,1,1,0,2,1
0,50,1,1,26,93.33,0,2,0,2,0,0,5,0
0,42,1,0,72,65.32,1,0,0,2,1,1,4,0
0,69,1,1,6,23.51,0,1,0,0,0,0,0,0
0,67,0,0,17,93.66,1,3,1,2,1,0,4,0
0,38,0,1,37,90.83,2,1,1,2,1,1,0,0
1,42,1,1,3,50.37,0,2,0,1,0,0,4,1
1,43,0,0,15,25.95,1,1,0,0,0,0,4,0
0,38,0,0,15,56.29,2,0,0,1,1,0,2,0
0,47,1,1,63,52.31,1,1,0,1,0,0,1,1
0,34,0,0,71,82.05,2,1,1,2,0,1,3,0
0,29,0,0,71,81.83,2,3,1,1,1,0,2,0
1,53,0,0,68,29.05,2,1,1,0,0,0,3,0
0,53,0,0,54,118.75,1,1,0,2,1,1,0,0
1,33,1,0,21,49.04,0,3,1,1,1,0,5,1
1,57,1,1,4,53.98,0,2,0,1,1,0,1,0
0,36,1,1,21,66.35,1,3,0,2,1,1,2,0
1,48,0,0,4,20.95,1,3,1,0,0,0,4,0
1,56,1,0,20,34.51,1,3,0,0,0,0,0,0
1,44,1,1,3,77.69,0,1,1,2,0,1,0,1
1,51,1,1,52,78.03,0,3,1,1,1,1,1,0
0,37,0,0,33,67.59,1,2,0,2,1,1,1,0
0,42,1,1,9,42.36,0,1,1,1,1,1,3,0
1,42,1,1,55,23.29,2,1,0,0,0,0,2,0
0,34,1,1,61,54.24,1,1,0,1,1,0,2,0
0,42,1,0,33,29.62,0,0,1,0,0,0,5,1
0,23,0,0,6,91.31,0,0,1,2,0,0,1,1
0,38,1,1,40,79.17,1,0,0,2,0,1,2,0
0,41,0,0,19,83.13,0,3,1,2,0,1,3,1
1,41,1,0,47,80.53,0,3,1,2,0,1,1,0
0,41,0,0,12,20.43,0,2,0,0,0,0,0,1
0,44,0,0,46,72.57,0,3,1,2,0,1,0,0
0,51,0,0,25,99.39,0,0,1,2,1,0,3,1
